{"stats":{"minecraft:dropped":{"minecraft:cooked_chicken":2,"minecraft:stone_sword":1,"minecraft:crafting_table":1,"minecraft:dark_oak_sapling":1,"minecraft:feather":3,"minecraft:clay_ball":4,"minecraft:stone_pickaxe":1,"minecraft:bone":2},"minecraft:picked_up":{"minecraft:birch_log":7,"minecraft:crafting_table":3,"minecraft:coarse_dirt":36,"minecraft:feather":3,"minecraft:chicken":2,"minecraft:clay_ball":4,"minecraft:andesite":25,"skilltree:gem":24,"minecraft:dirt":16,"minecraft:bone":2,"minecraft:raw_gold":3,"minecraft:iron_ingot":10,"minecraft:stone_pickaxe":1,"minecraft:furnace":3,"minecraft:dark_oak_sapling":1,"minecraft:raw_iron":41,"minecraft:torch":2,"minecraft:porkchop":16,"minecraft:dark_oak_log":16,"minecraft:arrow":2,"minecraft:granite":31,"minecraft:golden_apple":1,"minecraft:coal":219,"minecraft:white_wool":4,"minecraft:cobblestone":224},"minecraft:mined":{"minecraft:acacia_leaves":2,"minecraft:dark_oak_leaves":6,"minecraft:dark_oak_log":16,"minecraft:glow_lichen":1,"minecraft:clay":1,"minecraft:crafting_table":2,"minecraft:torch":1,"minecraft:granite":31,"minecraft:grass_block":8,"minecraft:stone_slab":1,"minecraft:cobblestone":5,"minecraft:deepslate_gold_ore":3,"minecraft:moss_block":1,"minecraft:wall_torch":1,"minecraft:coarse_dirt":36,"minecraft:furnace":4,"iter_rpg:small_vase":1,"minecraft:birch_log":7,"minecraft:iron_ore":28,"minecraft:andesite":33,"minecraft:birch_leaves":2,"iter_rpg:spider_egg":1,"minecraft:coal_ore":100,"minecraft:dirt":8,"minecraft:red_mushroom_block":1,"minecraft:stone":264,"minecraft:deepslate":1},"minecraft:killed":{"minecraft:pig":7,"iter_rpg:spiderling":2,"minecraft:sheep":4,"minecraft:skeleton":1,"minecraft:zombie":2,"minecraft:chicken":2},"minecraft:used":{"minecraft:stone_sword":32,"minecraft:stone_pickaxe":392,"minecraft:stone_shovel":43,"minecraft:torch":57,"minecraft:golden_apple":1,"minecraft:dirt":6,"minecraft:crafting_table":3,"simplyswords:iron_katana":6,"minecraft:granite":3,"minecraft:iron_pickaxe":89,"minecraft:stone_axe":32,"minecraft:cobblestone":58,"minecraft:furnace":6,"minecraft:cooked_porkchop":9,"minecraft:andesite":23,"minecraft:coarse_dirt":36},"minecraft:crafted":{"minecraft:cooked_porkchop":9,"minecraft:crafting_table":1,"simplyswords:iron_katana":1,"minecraft:cooked_chicken":2,"minecraft:furnace":3,"minecraft:air":0,"minecraft:iron_boots":1,"minecraft:iron_chestplate":1,"minecraft:stick":28,"minecraft:iron_ingot":7,"minecraft:iron_pickaxe":1,"minecraft:stone_pickaxe":3,"minecraft:dark_oak_planks":24,"minecraft:torch":64},"minecraft:custom":{"minecraft:interact_with_furnace":24,"minecraft:mob_kills":18,"minecraft:interact_with_crafting_table":10,"minecraft:time_since_death":71787,"minecraft:time_since_rest":71787,"minecraft:sprint_one_cm":89643,"minecraft:damage_taken":799,"minecraft:walk_one_cm":157767,"minecraft:drop":9,"minecraft:damage_dealt":1728,"minecraft:swim_one_cm":1639,"minecraft:fly_one_cm":77314,"minecraft:crouch_one_cm":2565,"minecraft:play_time":71787,"minecraft:sneak_time":904,"minecraft:walk_under_water_one_cm":574,"minecraft:jump":947,"minecraft:walk_on_water_one_cm":6484,"minecraft:total_world_time":71787,"minecraft:fall_one_cm":16762},"minecraft:broken":{"minecraft:stone_pickaxe":2}},"DataVersion":3465}