{"stats":{"minecraft:dropped":{"minecraft:stone_pickaxe":1},"minecraft:picked_up":{"minecraft:dark_oak_sapling":1,"minecraft:raw_iron":8,"minecraft:crafting_table":2,"minecraft:feather":3,"minecraft:chicken":2,"minecraft:clay_ball":4,"minecraft:andesite":23,"minecraft:torch":1,"minecraft:porkchop":8,"minecraft:dark_oak_log":16,"skilltree:gem":11,"minecraft:dirt":3,"minecraft:iron_ingot":8,"minecraft:granite":30,"minecraft:stone_pickaxe":1,"minecraft:coal":105,"minecraft:cobblestone":128,"minecraft:furnace":2},"minecraft:mined":{"minecraft:furnace":2,"minecraft:dark_oak_leaves":4,"minecraft:iron_ore":8,"minecraft:dark_oak_log":16,"minecraft:andesite":23,"minecraft:clay":1,"minecraft:crafting_table":2,"minecraft:granite":30,"minecraft:grass_block":1,"minecraft:coal_ore":63,"minecraft:dirt":2,"minecraft:stone":129,"minecraft:moss_block":1,"minecraft:wall_torch":1},"minecraft:killed":{"minecraft:pig":3,"minecraft:chicken":2},"minecraft:used":{"minecraft:stone_sword":6,"minecraft:stone_shovel":1,"minecraft:stone_pickaxe":262,"minecraft:stone_axe":22,"minecraft:torch":11,"minecraft:dirt":3,"minecraft:cobblestone":4,"minecraft:crafting_table":2,"minecraft:furnace":2,"minecraft:cooked_porkchop":1,"minecraft:andesite":6,"minecraft:granite":3},"minecraft:crafted":{"minecraft:cooked_porkchop":8,"minecraft:crafting_table":1,"minecraft:stick":24,"minecraft:iron_pickaxe":1,"minecraft:cooked_chicken":2,"minecraft:stone_pickaxe":3,"minecraft:furnace":1,"minecraft:dark_oak_planks":24,"minecraft:torch":64,"minecraft:air":0},"minecraft:custom":{"minecraft:time_since_rest":17787,"minecraft:interact_with_furnace":10,"minecraft:sprint_one_cm":14291,"minecraft:damage_taken":50,"minecraft:walk_one_cm":35636,"minecraft:mob_kills":5,"minecraft:drop":1,"minecraft:damage_dealt":380,"minecraft:interact_with_crafting_table":5,"minecraft:fly_one_cm":8409,"minecraft:crouch_one_cm":31,"minecraft:play_time":17787,"minecraft:sneak_time":23,"minecraft:jump":191,"minecraft:time_since_death":17787,"minecraft:total_world_time":17787,"minecraft:fall_one_cm":1652},"minecraft:broken":{"minecraft:stone_pickaxe":1}},"DataVersion":3465}