{"stats":{"minecraft:used":{"minecraft:stone_sword":24,"minecraft:stone_pickaxe":7,"minecraft:dirt":15},"minecraft:killed":{"minecraft:sheep":1,"minecraft:pig":2,"minecraft:chicken":1,"minecraft:cow":7},"minecraft:picked_up":{"minecraft:oak_slab":1,"minecraft:raw_iron":3,"minecraft:feather":2,"minecraft:chicken":1,"minecraft:leather":12,"minecraft:oak_fence":1,"minecraft:torch":1,"minecraft:oak_stairs":1,"minecraft:porkchop":5,"minecraft:brewing_stand":1,"minecraft:cobblestone_wall":2,"minecraft:dirt":15,"minecraft:cauldron":1,"minecraft:smooth_stone":1,"minecraft:beef":17,"minecraft:light_gray_wool":1,"minecraft:coal":1,"minecraft:mutton":2,"minecraft:oak_planks":1},"minecraft:custom":{"minecraft:time_since_rest":5801,"minecraft:sprint_one_cm":20005,"minecraft:damage_taken":10,"minecraft:walk_one_cm":19792,"minecraft:mob_kills":11,"minecraft:damage_dealt":1022,"minecraft:fly_one_cm":34539,"minecraft:open_chest":4,"minecraft:crouch_one_cm":84,"minecraft:play_time":5801,"minecraft:sneak_time":20,"minecraft:jump":212,"minecraft:walk_on_water_one_cm":465,"minecraft:time_since_death":5801,"minecraft:total_world_time":5801,"minecraft:climb_one_cm":1242,"minecraft:fall_one_cm":4836},"minecraft:mined":{"minecraft:smooth_stone":1,"minecraft:iron_ore":3,"minecraft:brewing_stand":1,"minecraft:grass_block":1,"minecraft:coal_ore":1,"minecraft:water_cauldron":1,"minecraft:dirt":1}},"DataVersion":3465}