{"stats":{"minecraft:dropped":{"minecraft:cooked_chicken":2,"minecraft:crafting_table":1,"minecraft:stone_pickaxe":1},"minecraft:picked_up":{"minecraft:dark_oak_sapling":1,"minecraft:raw_iron":8,"minecraft:crafting_table":3,"minecraft:feather":3,"minecraft:chicken":2,"minecraft:clay_ball":4,"minecraft:andesite":23,"minecraft:torch":1,"minecraft:porkchop":8,"minecraft:dark_oak_log":16,"skilltree:gem":11,"minecraft:dirt":3,"minecraft:iron_ingot":8,"minecraft:granite":31,"minecraft:stone_pickaxe":1,"minecraft:golden_apple":1,"minecraft:coal":105,"minecraft:cobblestone":131,"minecraft:furnace":2},"minecraft:mined":{"minecraft:furnace":2,"minecraft:dark_oak_leaves":4,"minecraft:iron_ore":8,"minecraft:dark_oak_log":16,"minecraft:birch_leaves":1,"minecraft:andesite":23,"minecraft:clay":1,"minecraft:crafting_table":2,"minecraft:granite":31,"minecraft:grass_block":1,"minecraft:coal_ore":63,"minecraft:dirt":2,"minecraft:cobblestone":1,"minecraft:red_mushroom_block":1,"minecraft:stone":131,"minecraft:moss_block":1,"minecraft:wall_torch":1},"minecraft:killed":{"minecraft:pig":3,"minecraft:chicken":2},"minecraft:used":{"minecraft:stone_sword":7,"minecraft:stone_shovel":1,"minecraft:stone_pickaxe":266,"minecraft:stone_axe":24,"minecraft:torch":11,"minecraft:golden_apple":1,"minecraft:dirt":3,"minecraft:cobblestone":4,"minecraft:crafting_table":2,"minecraft:furnace":2,"minecraft:cooked_porkchop":1,"minecraft:andesite":11,"minecraft:granite":3},"minecraft:crafted":{"minecraft:cooked_porkchop":8,"minecraft:crafting_table":1,"minecraft:stick":24,"minecraft:iron_pickaxe":1,"minecraft:cooked_chicken":2,"minecraft:stone_pickaxe":3,"minecraft:furnace":1,"minecraft:dark_oak_planks":24,"minecraft:torch":64,"minecraft:air":0},"minecraft:custom":{"minecraft:time_since_rest":41787,"minecraft:interact_with_furnace":10,"minecraft:sprint_one_cm":14943,"minecraft:damage_taken":160,"minecraft:walk_one_cm":62579,"minecraft:mob_kills":5,"minecraft:drop":4,"minecraft:damage_dealt":429,"minecraft:interact_with_crafting_table":5,"minecraft:fly_one_cm":10506,"minecraft:crouch_one_cm":31,"minecraft:play_time":41787,"minecraft:sneak_time":23,"minecraft:jump":316,"minecraft:time_since_death":41787,"minecraft:total_world_time":41787,"minecraft:fall_one_cm":1901},"minecraft:broken":{"minecraft:stone_pickaxe":2}},"DataVersion":3465}