{"stats":{"minecraft:dropped":{"minecraft:cooked_chicken":2,"minecraft:stone_sword":2,"minecraft:crafting_table":1,"minecraft:dark_oak_sapling":1,"minecraft:cooked_porkchop":3,"minecraft:feather":3,"minecraft:clay_ball":4,"minecraft:cooked_mutton":2,"minecraft:stone_pickaxe":1,"minecraft:bone":2},"minecraft:picked_up":{"minecraft:birch_log":7,"minecraft:charcoal":2,"minecraft:crafting_table":3,"minecraft:coarse_dirt":36,"minecraft:feather":3,"minecraft:chicken":2,"minecraft:clay_ball":4,"minecraft:andesite":48,"minecraft:gunpowder":2,"minecraft:yellow_bed":1,"minecraft:paper":5,"skilltree:gem":34,"minecraft:dirt":16,"minecraft:bone":2,"minecraft:cobbled_deepslate":1,"minecraft:bow":1,"minecraft:cartography_table":1,"minecraft:raw_gold":3,"minecraft:iron_ingot":10,"minecraft:stone_pickaxe":1,"minecraft:chest":2,"minecraft:furnace":3,"minecraft:dark_oak_sapling":1,"minecraft:raw_iron":61,"minecraft:torch":4,"minecraft:porkchop":16,"minecraft:white_bed":1,"minecraft:dark_oak_log":16,"minecraft:stone_sword":2,"minecraft:arrow":2,"minecraft:rotten_flesh":1,"minecraft:granite":31,"minecraft:golden_apple":1,"minecraft:coal":254,"minecraft:white_wool":4,"minecraft:cobblestone":225,"minecraft:diamond_pickaxe":1},"minecraft:mined":{"minecraft:acacia_leaves":2,"minecraft:white_bed":1,"minecraft:dark_oak_leaves":6,"minecraft:dark_oak_log":16,"minecraft:glow_lichen":1,"minecraft:clay":1,"minecraft:crafting_table":2,"minecraft:torch":3,"minecraft:granite":31,"minecraft:grass_block":8,"minecraft:chest":2,"minecraft:campfire":1,"minecraft:stone_slab":1,"minecraft:cobblestone":5,"minecraft:cyan_bed":1,"minecraft:deepslate_gold_ore":3,"minecraft:moss_block":1,"minecraft:cartography_table":1,"minecraft:wall_torch":1,"minecraft:coarse_dirt":36,"minecraft:furnace":4,"iter_rpg:small_vase":1,"minecraft:birch_log":7,"minecraft:iron_ore":48,"minecraft:spruce_log":2,"minecraft:andesite":43,"minecraft:birch_leaves":2,"minecraft:yellow_bed":1,"iter_rpg:spider_egg":2,"minecraft:coal_ore":135,"minecraft:deepslate_iron_ore":1,"minecraft:dirt":8,"minecraft:red_mushroom_block":1,"minecraft:stone":265,"minecraft:deepslate":2},"minecraft:killed":{"minecraft:pig":7,"iter_rpg:spiderling":4,"minecraft:sheep":4,"minecraft:skeleton":3,"minecraft:zombie":3,"minecraft:chicken":2},"minecraft:used":{"minecraft:cooked_mutton":4,"minecraft:stone_sword":32,"minecraft:stone_pickaxe":392,"minecraft:stone_shovel":43,"minecraft:chest":1,"minecraft:torch":103,"minecraft:golden_apple":1,"minecraft:dirt":6,"minecraft:crafting_table":3,"simplyswords:iron_katana":16,"minecraft:white_bed":1,"minecraft:granite":3,"minecraft:iron_pickaxe":161,"minecraft:stone_axe":38,"minecraft:cobblestone":74,"minecraft:furnace":6,"minecraft:cooked_porkchop":12,"minecraft:andesite":23,"minecraft:coarse_dirt":36},"minecraft:crafted":{"minecraft:cooked_porkchop":15,"minecraft:crafting_table":1,"simplyswords:iron_katana":1,"minecraft:iron_helmet":1,"minecraft:cooked_chicken":2,"minecraft:furnace":3,"minecraft:cooked_mutton":8,"minecraft:air":0,"minecraft:iron_boots":1,"minecraft:iron_chestplate":1,"minecraft:stick":36,"minecraft:iron_ingot":28,"minecraft:iron_pickaxe":1,"minecraft:stone_pickaxe":3,"minecraft:chest":1,"minecraft:iron_leggings":1,"minecraft:white_bed":1,"minecraft:dark_oak_planks":44,"minecraft:torch":104},"minecraft:custom":{"minecraft:interact_with_furnace":41,"minecraft:mob_kills":23,"minecraft:interact_with_cartography_table":1,"minecraft:interact_with_crafting_table":19,"minecraft:open_barrel":8,"minecraft:time_since_death":95787,"minecraft:sleep_in_bed":1,"minecraft:time_since_rest":12691,"minecraft:sprint_one_cm":183527,"minecraft:damage_taken":1134,"minecraft:walk_one_cm":218175,"minecraft:drop":13,"minecraft:damage_dealt":2175,"minecraft:swim_one_cm":1639,"minecraft:fly_one_cm":174794,"minecraft:open_chest":7,"minecraft:crouch_one_cm":3106,"minecraft:play_time":95787,"minecraft:sneak_time":1083,"minecraft:walk_under_water_one_cm":574,"minecraft:jump":1636,"minecraft:walk_on_water_one_cm":9620,"minecraft:total_world_time":95787,"minecraft:fall_one_cm":29800},"minecraft:broken":{"minecraft:stone_pickaxe":2}},"DataVersion":3465}