{"stats":{"minecraft:dropped":{"minecraft:stone_pickaxe":1},"minecraft:picked_up":{"minecraft:dark_oak_sapling":1,"minecraft:feather":3,"minecraft:chicken":2,"minecraft:porkchop":8,"minecraft:dark_oak_log":16,"skilltree:gem":5,"minecraft:dirt":3,"minecraft:granite":4,"minecraft:stone_pickaxe":1,"minecraft:coal":46,"minecraft:cobblestone":12},"minecraft:mined":{"minecraft:dark_oak_leaves":4,"minecraft:dark_oak_log":16,"minecraft:granite":4,"minecraft:grass_block":1,"minecraft:coal_ore":47,"minecraft:dirt":2,"minecraft:stone":13},"minecraft:killed":{"minecraft:pig":3,"minecraft:chicken":2},"minecraft:used":{"minecraft:stone_sword":6,"minecraft:stone_shovel":1,"minecraft:stone_pickaxe":67,"minecraft:stone_axe":21,"minecraft:dirt":3,"minecraft:cobblestone":4,"minecraft:crafting_table":1,"minecraft:granite":3},"minecraft:crafted":{"minecraft:crafting_table":1,"minecraft:stick":4,"minecraft:dark_oak_planks":8,"minecraft:torch":16},"minecraft:custom":{"minecraft:time_since_rest":5787,"minecraft:sprint_one_cm":12197,"minecraft:damage_taken":50,"minecraft:walk_one_cm":15262,"minecraft:mob_kills":5,"minecraft:drop":1,"minecraft:damage_dealt":380,"minecraft:interact_with_crafting_table":1,"minecraft:fly_one_cm":5623,"minecraft:crouch_one_cm":31,"minecraft:play_time":5787,"minecraft:sneak_time":23,"minecraft:jump":56,"minecraft:time_since_death":5787,"minecraft:total_world_time":5787,"minecraft:fall_one_cm":1652}},"DataVersion":3465}