{"stats":{"minecraft:dropped":{"minecraft:cooked_chicken":2,"minecraft:crafting_table":1,"minecraft:feather":3,"minecraft:stone_pickaxe":1,"minecraft:bone":2},"minecraft:picked_up":{"minecraft:birch_log":7,"minecraft:crafting_table":3,"minecraft:coarse_dirt":36,"minecraft:feather":3,"minecraft:chicken":2,"minecraft:clay_ball":4,"minecraft:andesite":23,"skilltree:gem":18,"minecraft:dirt":16,"minecraft:bone":2,"minecraft:iron_ingot":8,"minecraft:stone_pickaxe":1,"minecraft:furnace":3,"minecraft:dark_oak_sapling":1,"minecraft:raw_iron":13,"minecraft:torch":2,"minecraft:porkchop":16,"minecraft:dark_oak_log":16,"minecraft:arrow":2,"minecraft:granite":31,"minecraft:golden_apple":1,"minecraft:coal":194,"minecraft:white_wool":4,"minecraft:cobblestone":222},"minecraft:mined":{"minecraft:acacia_leaves":2,"minecraft:dark_oak_leaves":6,"minecraft:dark_oak_log":16,"minecraft:clay":1,"minecraft:crafting_table":2,"minecraft:torch":1,"minecraft:granite":31,"minecraft:grass_block":8,"minecraft:stone_slab":1,"minecraft:cobblestone":3,"minecraft:moss_block":1,"minecraft:wall_torch":1,"minecraft:coarse_dirt":36,"minecraft:furnace":3,"iter_rpg:small_vase":1,"minecraft:birch_log":7,"minecraft:iron_ore":13,"minecraft:andesite":23,"minecraft:birch_leaves":2,"minecraft:coal_ore":89,"minecraft:dirt":8,"minecraft:red_mushroom_block":1,"minecraft:stone":264},"minecraft:killed":{"minecraft:pig":7,"minecraft:sheep":4,"minecraft:skeleton":1,"minecraft:zombie":1,"minecraft:chicken":2},"minecraft:used":{"minecraft:stone_sword":32,"minecraft:stone_pickaxe":392,"minecraft:stone_shovel":43,"minecraft:torch":26,"minecraft:golden_apple":1,"minecraft:dirt":6,"minecraft:crafting_table":2,"minecraft:granite":3,"minecraft:iron_pickaxe":44,"minecraft:stone_axe":32,"minecraft:cobblestone":13,"minecraft:furnace":3,"minecraft:cooked_porkchop":6,"minecraft:andesite":23,"minecraft:coarse_dirt":28},"minecraft:crafted":{"minecraft:cooked_porkchop":8,"minecraft:crafting_table":1,"minecraft:cooked_chicken":2,"minecraft:furnace":1,"minecraft:air":0,"minecraft:iron_chestplate":1,"minecraft:stick":24,"minecraft:iron_ingot":5,"minecraft:iron_pickaxe":1,"minecraft:stone_pickaxe":3,"minecraft:dark_oak_planks":24,"minecraft:torch":64},"minecraft:custom":{"minecraft:interact_with_furnace":14,"minecraft:mob_kills":15,"minecraft:interact_with_crafting_table":7,"minecraft:time_since_death":59787,"minecraft:time_since_rest":59787,"minecraft:sprint_one_cm":57634,"minecraft:damage_taken":555,"minecraft:walk_one_cm":110908,"minecraft:drop":6,"minecraft:damage_dealt":1448,"minecraft:swim_one_cm":1639,"minecraft:fly_one_cm":60333,"minecraft:crouch_one_cm":1934,"minecraft:play_time":59787,"minecraft:sneak_time":694,"minecraft:walk_under_water_one_cm":344,"minecraft:jump":764,"minecraft:walk_on_water_one_cm":557,"minecraft:total_world_time":59787,"minecraft:fall_one_cm":12290},"minecraft:broken":{"minecraft:stone_pickaxe":2}},"DataVersion":3465}