{"stats":{"minecraft:dropped":{"minecraft:birch_planks":38,"minecraft:brown_mushroom":1,"minecraft:crafting_table":1,"minecraft:dark_oak_sapling":1,"minecraft:cooked_porkchop":3,"minecraft:iron_helmet":1,"minecraft:feather":3,"minecraft:leather":4,"travelersbackpack:standard":2,"minecraft:dirt":3,"skilltree:gem":4,"minecraft:iron_leggings":4,"minecraft:iron_pickaxe":1,"minecraft:bone":2,"minecraft:stone_axe":2,"minecraft:cooked_chicken":2,"simplyswords:iron_katana":1,"minecraft:stone_sword":2,"minecraft:cobbled_deepslate":1,"artifacts:aqua_dashers":1,"minecraft:clay_ball":4,"minecraft:iron_boots":1,"minecraft:stone_slab":2,"minecraft:cooked_mutton":2,"minecraft:white_bed":1,"minecraft:charcoal":2,"minecraft:iron_chestplate":2,"minecraft:andesite":9,"minecraft:yellow_bed":1,"minecraft:birch_door":1,"minecraft:chest":2,"minecraft:stone_pickaxe":1},"minecraft:picked_up":{"minecraft:charcoal":4,"minecraft:coarse_dirt":36,"minecraft:crafting_table":3,"minecraft:iron_chestplate":2,"minecraft:birch_door":1,"minecraft:chicken":4,"minecraft:clay_ball":4,"minecraft:stone_slab":2,"minecraft:brown_mushroom":1,"minecraft:iron_leggings":4,"minecraft:cartography_table":1,"minecraft:cobbled_deepslate":8,"minecraft:beef":90,"minecraft:iron_pickaxe":1,"minecraft:chest":2,"minecraft:iron_boots":1,"minecraft:furnace":3,"minecraft:dark_oak_sapling":1,"minecraft:raw_iron":96,"minecraft:torch":32,"minecraft:porkchop":16,"minecraft:carrot":1,"minecraft:stone_sword":2,"minecraft:arrow":7,"minecraft:rotten_flesh":3,"minecraft:white_wool":4,"minecraft:cobblestone":1225,"minecraft:birch_log":7,"simplyswords:iron_katana":1,"minecraft:feather":3,"minecraft:andesite":54,"minecraft:brown_wool":1,"minecraft:leather":11,"minecraft:birch_planks":30,"minecraft:yellow_bed":1,"minecraft:gunpowder":2,"minecraft:paper":5,"skilltree:gem":68,"minecraft:dirt":202,"minecraft:bone":2,"minecraft:bow":1,"minecraft:raw_gold":3,"minecraft:iron_ingot":10,"minecraft:stone_pickaxe":1,"minecraft:white_bed":3,"minecraft:dark_oak_log":16,"travelersbackpack:standard":3,"minecraft:purple_bed":3,"minecraft:stone_axe":2,"minecraft:iron_helmet":1,"minecraft:granite":31,"minecraft:golden_apple":1,"minecraft:coal":375,"minecraft:diamond_pickaxe":1},"minecraft:mined":{"minecraft:white_bed":3,"minecraft:dark_oak_leaves":6,"minecraft:dark_oak_log":16,"minecraft:glow_lichen":1,"minecraft:granite":31,"minecraft:grass_block":25,"minecraft:cartography_table":1,"minecraft:moss_block":1,"minecraft:furnace":4,"iter_rpg:small_vase":1,"minecraft:iron_ore":83,"minecraft:andesite":93,"minecraft:deepslate_iron_ore":1,"minecraft:stone":1351,"minecraft:acacia_leaves":2,"minecraft:brown_mushroom":1,"travelersbackpack:standard":1,"minecraft:clay":1,"minecraft:crafting_table":2,"minecraft:torch":9,"minecraft:chest":2,"minecraft:campfire":1,"minecraft:stone_slab":3,"minecraft:cobblestone":31,"minecraft:cyan_bed":1,"minecraft:deepslate_gold_ore":3,"minecraft:wall_torch":8,"minecraft:birch_planks":4,"minecraft:purple_bed":3,"minecraft:coarse_dirt":36,"minecraft:birch_log":7,"minecraft:sweet_berry_bush":1,"minecraft:spruce_log":2,"minecraft:birch_leaves":2,"minecraft:birch_door":1,"minecraft:yellow_bed":1,"minecraft:coal_ore":273,"iter_rpg:spider_egg":2,"minecraft:gravel":5,"minecraft:dirt":178,"minecraft:red_mushroom_block":1,"minecraft:deepslate":2,"minecraft:fern":1},"minecraft:killed":{"minecraft:spider":1,"minecraft:skeleton":6,"minecraft:horse":1,"minecraft:chicken":4,"minecraft:pig":8,"iter_rpg:spiderling":4,"minecraft:sheep":4,"minecraft:zombie":6,"minecraft:donkey":1,"minecraft:cow":12,"minecraft:enderman":1},"minecraft:used":{"minecraft:stone_sword":32,"minecraft:iron_shovel":122,"minecraft:stone_shovel":85,"minecraft:chest":2,"minecraft:stone":226,"minecraft:torch":188,"minecraft:dirt":44,"simplyswords:iron_katana":84,"minecraft:granite":3,"minecraft:birch_door":3,"minecraft:furnace":11,"minecraft:cooked_beef":18,"minecraft:cobbled_deepslate":6,"minecraft:cooked_mutton":6,"minecraft:birch_planks":4,"minecraft:stone_pickaxe":392,"minecraft:cartography_table":1,"minecraft:golden_apple":1,"minecraft:crafting_table":5,"minecraft:white_bed":3,"minecraft:diamond_pickaxe":6,"minecraft:bread":8,"minecraft:iron_pickaxe":1490,"minecraft:stone_axe":44,"minecraft:cobblestone":182,"minecraft:purple_bed":2,"minecraft:cooked_porkchop":12,"minecraft:andesite":23,"minecraft:coarse_dirt":36,"minecraft:golden_pickaxe":32},"minecraft:crafted":{"minecraft:coal":63,"simplyswords:iron_katana":2,"minecraft:cooked_chicken":2,"minecraft:furnace":8,"minecraft:cobblestone_stairs":128,"minecraft:stone":274,"minecraft:cooked_mutton":8,"minecraft:glass":10,"minecraft:iron_boots":1,"minecraft:stone_pickaxe":3,"minecraft:chest":2,"minecraft:birch_door":3,"minecraft:dark_oak_planks":64,"minecraft:cooked_beef":73,"minecraft:coal_block":22,"minecraft:cooked_porkchop":15,"minecraft:crafting_table":3,"minecraft:iron_helmet":1,"minecraft:birch_planks":28,"minecraft:air":0,"minecraft:iron_chestplate":2,"minecraft:stick":84,"minecraft:iron_ingot":43,"minecraft:iron_pickaxe":8,"minecraft:iron_leggings":2,"minecraft:white_bed":1,"minecraft:torch":224},"minecraft:broken":{"minecraft:stone_pickaxe":2,"minecraft:iron_pickaxe":5,"minecraft:golden_pickaxe":1},"minecraft:custom":{"minecraft:interact_with_smithing_table":7,"minecraft:mob_kills":49,"minecraft:interact_with_crafting_table":47,"minecraft:open_barrel":8,"minecraft:leave_game":4,"minecraft:time_since_death":230713,"minecraft:climb_one_cm":525,"minecraft:sprint_one_cm":460514,"minecraft:walk_one_cm":605142,"minecraft:drop":45,"minecraft:play_time":230713,"minecraft:sneak_time":2470,"minecraft:walk_under_water_one_cm":10174,"minecraft:jump":4140,"minecraft:interact_with_blast_furnace":10,"minecraft:walk_on_water_one_cm":18590,"minecraft:total_world_time":230713,"minecraft:interact_with_furnace":127,"minecraft:interact_with_cartography_table":6,"minecraft:sleep_in_bed":12,"minecraft:time_since_rest":30335,"minecraft:damage_taken":2572,"minecraft:damage_dealt":5574,"minecraft:swim_one_cm":9633,"minecraft:fly_one_cm":601953,"minecraft:open_chest":32,"minecraft:crouch_one_cm":6712,"minecraft:fall_one_cm":87912}},"DataVersion":3465}