{"stats":{"minecraft:dropped":{"minecraft:wheat_seeds":1,"minecraft:cooked_beef":1,"minecraft:stone_sword":1,"minecraft:cobbled_deepslate":68,"ecologics:coconut_slice":2,"minecraft:stone_shovel":1,"minecraft:cobblestone":19,"minecraft:leather":1,"minecraft:cooked_mutton":1,"minecraft:coal":4,"minecraft:dirt":4,"minecraft:gray_wool":1,"minecraft:gunpowder":2,"minecraft:flowering_azalea":1,"minecraft:bone_meal":1,"minecraft:arrow":1,"minecraft:stone_pickaxe":1,"ecologics:seashell":1,"minecraft:string":2,"minecraft:bone":2,"artifacts:digging_claws":1,"minecraft:smooth_basalt":2},"minecraft:picked_up":{"minecraft:crafting_table":4,"minecraft:cooked_beef":2,"minecraft:glow_ink_sac":2,"artifacts:digging_claws":2,"minecraft:leather":1,"ecologics:seashell":1,"minecraft:enchanted_book":1,"minecraft:oak_log":1,"minecraft:gunpowder":2,"minecraft:amethyst_block":17,"artifacts:pickaxe_heater":1,"minecraft:lapis_lazuli":10,"skilltree:gem":20,"minecraft:string":2,"minecraft:dirt":19,"minecraft:name_tag":2,"minecraft:cooked_mutton":5,"minecraft:bone":4,"minecraft:wheat_seeds":1,"minecraft:cobbled_deepslate":204,"minecraft:raw_gold":7,"minecraft:iron_ingot":42,"minecraft:beef":4,"minecraft:cooked_chicken":2,"minecraft:iron_pickaxe":3,"minecraft:flowering_azalea":1,"minecraft:oak_planks":4,"minecraft:egg":2,"minecraft:furnace":3,"minecraft:stick":7,"minecraft:raw_iron":75,"minecraft:smooth_basalt":2,"minecraft:pumpkin":2,"ecologics:coconut_slice":10,"minecraft:torch":36,"minecraft:amethyst_shard":12,"minecraft:white_bed":2,"minecraft:redstone":126,"minecraft:dark_oak_log":4,"minecraft:spider_eye":1,"simplyswords:iron_twinblade":1,"minecraft:stone_shovel":1,"minecraft:arrow":1,"minecraft:rotten_flesh":2,"minecraft:beetroot_seeds":6,"minecraft:diamond":6,"minecraft:tropical_fish":10,"minecraft:stone_axe":1,"minecraft:golden_apple":2,"minecraft:bone_meal":1,"minecraft:bread":5,"minecraft:gray_wool":1,"minecraft:gold_ingot":39,"minecraft:glow_berries":14,"minecraft:melon_seeds":2,"minecraft:coal":27,"minecraft:mutton":5,"minecraft:white_wool":3,"minecraft:cobblestone":27},"minecraft:mined":{"minecraft:deepslate_redstone_ore":16,"minecraft:large_amethyst_bud":2,"minecraft:tuff":2,"minecraft:flowering_azalea":1,"minecraft:white_bed":1,"minecraft:dark_oak_leaves":2,"minecraft:deepslate_diamond_ore":3,"minecraft:amethyst_cluster":2,"minecraft:clay":1,"minecraft:crafting_table":3,"minecraft:budding_amethyst":4,"minecraft:calcite":13,"minecraft:grass_block":2,"minecraft:deepslate_gold_ore":23,"minecraft:moss_block":1,"minecraft:amethyst_block":13,"minecraft:furnace":2,"ecologics:seashell":1,"minecraft:iron_ore":39,"minecraft:pumpkin":2,"minecraft:deepslate_lapis_ore":1,"ecologics:hanging_coconut":1,"minecraft:coal_ore":19,"minecraft:deepslate_iron_ore":9,"minecraft:dirt":7,"minecraft:cobweb":1,"minecraft:smooth_basalt":9,"minecraft:stone":28,"minecraft:oak_leaves":2,"minecraft:deepslate":142},"minecraft:killed_by":{"minecraft:skeleton":2},"minecraft:killed":{"minecraft:spider":2,"iter_rpg:spiderling":1,"minecraft:skeleton":1,"minecraft:sheep":4,"minecraft:zombie":5,"minecraft:drowned":1,"minecraft:cow":2},"minecraft:used":{"minecraft:cooked_mutton":4,"minecraft:stone_sword":15,"minecraft:stone_shovel":8,"minecraft:stone_pickaxe":60,"minecraft:cooked_chicken":2,"minecraft:rotten_flesh":2,"minecraft:iron_chestplate":1,"minecraft:torch":77,"minecraft:dirt":15,"minecraft:crafting_table":3,"simplyswords:iron_twinblade":27,"minecraft:spider_eye":1,"minecraft:white_bed":1,"minecraft:iron_pickaxe":258,"minecraft:stone_axe":14,"minecraft:furnace":2,"minecraft:egg":2,"minecraft:cooked_beef":3,"minecraft:cobbled_deepslate":12},"minecraft:crafted":{"minecraft:cooked_beef":4,"minecraft:oak_planks":4,"minecraft:crafting_table":1,"simplyswords:iron_twinblade":1,"minecraft:iron_helmet":1,"minecraft:furnace":1,"minecraft:cooked_mutton":5,"minecraft:air":0,"minecraft:iron_boots":1,"minecraft:iron_chestplate":1,"minecraft:stick":20,"minecraft:iron_ingot":10,"minecraft:iron_pickaxe":2,"minecraft:iron_leggings":1,"minecraft:gold_ingot":7,"minecraft:white_bed":1,"minecraft:dark_oak_planks":16,"minecraft:torch":40},"minecraft:custom":{"minecraft:interact_with_furnace":14,"minecraft:mob_kills":17,"minecraft:interact_with_crafting_table":10,"minecraft:time_since_death":21460,"minecraft:sleep_in_bed":1,"minecraft:time_since_rest":7188,"minecraft:sprint_one_cm":184696,"minecraft:damage_taken":1617,"minecraft:walk_one_cm":178678,"minecraft:drop":27,"minecraft:damage_dealt":3000,"minecraft:swim_one_cm":3173,"minecraft:fly_one_cm":94510,"minecraft:open_chest":4,"minecraft:crouch_one_cm":14190,"minecraft:deaths":3,"minecraft:play_time":63907,"minecraft:sneak_time":4963,"minecraft:walk_under_water_one_cm":4201,"minecraft:jump":898,"minecraft:walk_on_water_one_cm":5412,"minecraft:total_world_time":63907,"minecraft:fall_one_cm":31341}},"DataVersion":3465}