{"stats":{"minecraft:dropped":{"minecraft:cobblestone":19,"minecraft:bone_meal":1,"minecraft:string":1},"minecraft:picked_up":{"minecraft:crafting_table":1,"minecraft:raw_iron":50,"minecraft:leather":1,"minecraft:torch":1,"minecraft:oak_log":1,"minecraft:gunpowder":2,"minecraft:redstone":57,"skilltree:gem":4,"minecraft:dirt":19,"minecraft:dark_oak_log":4,"minecraft:spider_eye":1,"minecraft:string":1,"minecraft:bone":1,"minecraft:arrow":1,"minecraft:rotten_flesh":2,"minecraft:diamond":1,"minecraft:tropical_fish":5,"minecraft:wheat_seeds":1,"minecraft:cobbled_deepslate":18,"minecraft:raw_gold":7,"minecraft:beef":4,"minecraft:bone_meal":1,"minecraft:cooked_chicken":2,"minecraft:gray_wool":1,"minecraft:oak_planks":4,"minecraft:mutton":5,"minecraft:coal":23,"minecraft:white_wool":3,"minecraft:cobblestone":27,"minecraft:furnace":1},"minecraft:mined":{"minecraft:deepslate_redstone_ore":12,"minecraft:furnace":1,"minecraft:dark_oak_leaves":2,"minecraft:deepslate_diamond_ore":1,"minecraft:iron_ore":33,"minecraft:crafting_table":1,"minecraft:clay":1,"minecraft:grass_block":1,"minecraft:coal_ore":19,"minecraft:dirt":7,"minecraft:deepslate_gold_ore":7,"minecraft:stone":27,"minecraft:deepslate":6,"minecraft:oak_leaves":1},"minecraft:killed":{"minecraft:sheep":4,"minecraft:zombie":2,"minecraft:spider":1,"iter_rpg:spiderling":1,"minecraft:cow":2},"minecraft:used":{"minecraft:stone_sword":15,"minecraft:stone_shovel":8,"minecraft:stone_pickaxe":60,"minecraft:iron_pickaxe":49,"minecraft:cooked_chicken":2,"minecraft:rotten_flesh":2,"minecraft:torch":14,"minecraft:stone_axe":13,"minecraft:dirt":15,"minecraft:crafting_table":1,"minecraft:furnace":1,"minecraft:spider_eye":1,"minecraft:cooked_beef":2},"minecraft:crafted":{"minecraft:cooked_beef":4,"minecraft:oak_planks":4,"minecraft:crafting_table":1,"minecraft:stick":12,"minecraft:iron_pickaxe":1,"minecraft:iron_ingot":10,"minecraft:furnace":1,"minecraft:white_bed":1,"minecraft:dark_oak_planks":16,"minecraft:torch":40,"minecraft:cooked_mutton":5,"minecraft:air":0},"minecraft:custom":{"minecraft:time_since_rest":27907,"minecraft:interact_with_furnace":10,"minecraft:sprint_one_cm":46562,"minecraft:damage_taken":465,"minecraft:walk_one_cm":81778,"minecraft:mob_kills":11,"minecraft:drop":3,"minecraft:damage_dealt":1715,"minecraft:interact_with_crafting_table":5,"minecraft:fly_one_cm":33464,"minecraft:crouch_one_cm":6513,"minecraft:play_time":27907,"minecraft:sneak_time":2294,"minecraft:walk_under_water_one_cm":175,"minecraft:jump":368,"minecraft:walk_on_water_one_cm":821,"minecraft:time_since_death":27907,"minecraft:total_world_time":27907,"minecraft:fall_one_cm":12945}},"DataVersion":3465}