{"stats":{"minecraft:dropped":{"minecraft:wheat_seeds":1,"minecraft:stone_sword":1,"minecraft:cobbled_deepslate":68,"minecraft:cobblestone":19,"minecraft:leather":1,"minecraft:coal":4,"minecraft:dirt":4,"minecraft:gray_wool":1,"minecraft:gunpowder":2,"minecraft:bone_meal":1,"minecraft:arrow":1,"minecraft:stone_pickaxe":1,"minecraft:string":2,"artifacts:digging_claws":1,"minecraft:smooth_basalt":2},"minecraft:picked_up":{"minecraft:crafting_table":3,"minecraft:cooked_beef":2,"artifacts:digging_claws":2,"minecraft:leather":1,"minecraft:enchanted_book":1,"minecraft:oak_log":1,"minecraft:gunpowder":2,"minecraft:amethyst_block":17,"artifacts:pickaxe_heater":1,"minecraft:lapis_lazuli":10,"skilltree:gem":20,"minecraft:string":2,"minecraft:dirt":19,"minecraft:name_tag":2,"minecraft:cooked_mutton":5,"minecraft:bone":2,"minecraft:wheat_seeds":1,"minecraft:cobbled_deepslate":202,"minecraft:raw_gold":7,"minecraft:iron_ingot":28,"minecraft:beef":4,"minecraft:cooked_chicken":2,"minecraft:iron_pickaxe":3,"minecraft:oak_planks":4,"minecraft:egg":2,"minecraft:furnace":3,"minecraft:stick":7,"minecraft:raw_iron":75,"minecraft:smooth_basalt":2,"minecraft:torch":36,"minecraft:amethyst_shard":12,"minecraft:white_bed":1,"minecraft:redstone":126,"minecraft:dark_oak_log":4,"minecraft:spider_eye":1,"simplyswords:iron_twinblade":1,"minecraft:stone_shovel":1,"minecraft:arrow":1,"minecraft:rotten_flesh":2,"minecraft:beetroot_seeds":6,"minecraft:diamond":6,"minecraft:tropical_fish":10,"minecraft:stone_axe":1,"minecraft:golden_apple":2,"minecraft:bone_meal":1,"minecraft:bread":5,"minecraft:gray_wool":1,"minecraft:gold_ingot":36,"minecraft:glow_berries":14,"minecraft:melon_seeds":2,"minecraft:coal":27,"minecraft:mutton":5,"minecraft:white_wool":3,"minecraft:cobblestone":27},"minecraft:mined":{"minecraft:deepslate_redstone_ore":16,"minecraft:large_amethyst_bud":2,"minecraft:tuff":2,"minecraft:dark_oak_leaves":2,"minecraft:deepslate_diamond_ore":3,"minecraft:amethyst_cluster":2,"minecraft:clay":1,"minecraft:crafting_table":2,"minecraft:budding_amethyst":4,"minecraft:calcite":13,"minecraft:grass_block":1,"minecraft:deepslate_gold_ore":20,"minecraft:amethyst_block":13,"minecraft:furnace":2,"minecraft:iron_ore":33,"minecraft:deepslate_lapis_ore":1,"minecraft:coal_ore":19,"minecraft:deepslate_iron_ore":1,"minecraft:dirt":7,"minecraft:cobweb":1,"minecraft:smooth_basalt":9,"minecraft:stone":27,"minecraft:oak_leaves":2,"minecraft:deepslate":136},"minecraft:killed_by":{"minecraft:skeleton":2},"minecraft:killed":{"minecraft:spider":1,"iter_rpg:spiderling":1,"minecraft:sheep":4,"minecraft:zombie":5,"minecraft:cow":2},"minecraft:used":{"minecraft:cooked_mutton":3,"minecraft:stone_sword":15,"minecraft:stone_shovel":8,"minecraft:stone_pickaxe":60,"minecraft:cooked_chicken":2,"minecraft:rotten_flesh":2,"minecraft:torch":65,"minecraft:dirt":15,"minecraft:crafting_table":2,"simplyswords:iron_twinblade":15,"minecraft:spider_eye":1,"minecraft:iron_pickaxe":234,"minecraft:stone_axe":14,"minecraft:furnace":2,"minecraft:egg":2,"minecraft:cooked_beef":2,"minecraft:cobbled_deepslate":7},"minecraft:crafted":{"minecraft:cooked_beef":4,"minecraft:oak_planks":4,"minecraft:crafting_table":1,"simplyswords:iron_twinblade":1,"minecraft:furnace":1,"minecraft:cooked_mutton":5,"minecraft:air":0,"minecraft:stick":20,"minecraft:iron_ingot":10,"minecraft:iron_pickaxe":1,"minecraft:gold_ingot":7,"minecraft:white_bed":1,"minecraft:dark_oak_planks":16,"minecraft:torch":40},"minecraft:custom":{"minecraft:interact_with_furnace":14,"minecraft:mob_kills":14,"minecraft:interact_with_crafting_table":8,"minecraft:time_since_death":9460,"minecraft:time_since_rest":9488,"minecraft:sprint_one_cm":137854,"minecraft:damage_taken":1528,"minecraft:walk_one_cm":143468,"minecraft:drop":20,"minecraft:damage_dealt":2403,"minecraft:swim_one_cm":2461,"minecraft:fly_one_cm":58856,"minecraft:crouch_one_cm":13869,"minecraft:deaths":3,"minecraft:play_time":51907,"minecraft:sneak_time":4746,"minecraft:walk_under_water_one_cm":3425,"minecraft:jump":539,"minecraft:walk_on_water_one_cm":3125,"minecraft:total_world_time":51907,"minecraft:fall_one_cm":26150}},"DataVersion":3465}