{"stats":{"minecraft:dropped":{"minecraft:wheat_seeds":1,"minecraft:cooked_beef":1,"ecologics:coconut_slice":6,"minecraft:cobblestone":22,"minecraft:leather":1,"minecraft:coal":4,"minecraft:dirt":5,"minecraft:gray_wool":1,"skilltree:gem":1,"minecraft:bone_meal":1,"minecraft:flowering_azalea":1,"minecraft:string":2,"artifacts:digging_claws":1,"minecraft:smooth_basalt":2,"minecraft:bone":2,"minecraft:stone_sword":1,"minecraft:cobbled_deepslate":127,"minecraft:stone_shovel":1,"minecraft:rotten_flesh":1,"minecraft:stone_slab":1,"minecraft:cooked_mutton":1,"minecraft:gunpowder":2,"minecraft:andesite":3,"ecologics:coconut_husk":12,"minecraft:arrow":1,"minecraft:stone_pickaxe":1,"ecologics:seashell":1},"minecraft:picked_up":{"minecraft:crafting_table":5,"minecraft:stone_slab":1,"ecologics:seashell":1,"minecraft:enchanted_book":1,"minecraft:amethyst_block":17,"minecraft:string":2,"minecraft:cobbled_deepslate":204,"minecraft:beef":4,"minecraft:iron_pickaxe":3,"minecraft:furnace":6,"minecraft:egg":2,"minecraft:raw_iron":75,"minecraft:stick":7,"ecologics:coconut_slice":14,"minecraft:torch":36,"minecraft:redstone":126,"minecraft:rotten_flesh":3,"minecraft:arrow":1,"minecraft:stone_shovel":1,"minecraft:tropical_fish":10,"minecraft:beetroot_seeds":6,"minecraft:gold_ingot":39,"minecraft:glow_berries":14,"minecraft:mutton":9,"minecraft:white_wool":4,"minecraft:cobblestone":33,"minecraft:cooked_beef":2,"artifacts:digging_claws":2,"minecraft:glow_ink_sac":2,"minecraft:andesite":3,"minecraft:leather":1,"minecraft:oak_log":1,"minecraft:gunpowder":2,"minecraft:dirt":20,"artifacts:pickaxe_heater":1,"skilltree:gem":34,"minecraft:lapis_lazuli":10,"minecraft:name_tag":2,"minecraft:cooked_mutton":5,"minecraft:bone":4,"minecraft:wheat_seeds":1,"minecraft:raw_gold":7,"minecraft:iron_ingot":62,"minecraft:cooked_chicken":2,"minecraft:oak_planks":4,"minecraft:flowering_azalea":1,"minecraft:smooth_basalt":2,"minecraft:pumpkin":2,"minecraft:sand":10,"ecologics:coconut_husk":12,"minecraft:amethyst_shard":12,"minecraft:blast_furnace":1,"minecraft:white_bed":3,"minecraft:dark_oak_log":4,"minecraft:spider_eye":1,"simplyswords:iron_twinblade":1,"minecraft:diamond":6,"minecraft:stone_axe":1,"minecraft:bone_meal":1,"minecraft:golden_apple":2,"minecraft:gray_wool":1,"minecraft:bread":5,"minecraft:black_wool":1,"minecraft:melon_seeds":2,"minecraft:coal":61},"minecraft:mined":{"minecraft:large_amethyst_bud":2,"minecraft:tuff":2,"minecraft:white_bed":2,"minecraft:dark_oak_leaves":2,"minecraft:deepslate_diamond_ore":3,"minecraft:glow_lichen":2,"minecraft:budding_amethyst":4,"minecraft:grass_block":25,"minecraft:moss_block":1,"minecraft:furnace":5,"minecraft:iron_ore":40,"minecraft:cobbled_deepslate":1,"minecraft:andesite":4,"minecraft:pumpkin":2,"minecraft:deepslate_lapis_ore":1,"minecraft:deepslate_iron_ore":9,"minecraft:stone":40,"minecraft:deepslate_redstone_ore":16,"minecraft:flowering_azalea":1,"minecraft:amethyst_cluster":2,"minecraft:crafting_table":4,"minecraft:clay":1,"minecraft:blast_furnace":1,"minecraft:calcite":13,"minecraft:stone_slab":1,"minecraft:deepslate_gold_ore":23,"minecraft:amethyst_block":13,"ecologics:seashell":1,"minecraft:grass":1,"minecraft:coal_ore":34,"ecologics:hanging_coconut":1,"minecraft:dirt":9,"minecraft:cobweb":1,"minecraft:smooth_basalt":9,"minecraft:oak_leaves":2,"minecraft:deepslate":142},"minecraft:killed_by":{"minecraft:skeleton":2},"minecraft:killed":{"minecraft:spider":2,"minecraft:skeleton":1,"minecraft:drowned":1,"iter_rpg:spiderling":1,"minecraft:sheep":6,"minecraft:zombie":6,"minecraft:cow":2},"minecraft:used":{"minecraft:stone_sword":15,"minecraft:stone_shovel":8,"minecraft:cooked_chicken":2,"minecraft:rotten_flesh":2,"minecraft:iron_chestplate":1,"minecraft:torch":78,"minecraft:dirt":15,"minecraft:furnace":5,"minecraft:egg":2,"minecraft:cooked_beef":3,"minecraft:cobbled_deepslate":12,"minecraft:cooked_mutton":4,"minecraft:stone_pickaxe":60,"minecraft:crafting_table":5,"simplyswords:iron_twinblade":31,"minecraft:blast_furnace":2,"minecraft:spider_eye":1,"minecraft:white_bed":3,"minecraft:iron_pickaxe":258,"minecraft:stone_axe":14,"ecologics:coconut_slice":8},"minecraft:crafted":{"minecraft:oak_planks":4,"minecraft:smooth_stone":3,"simplyswords:iron_twinblade":1,"minecraft:furnace":1,"minecraft:blast_furnace":1,"minecraft:stone":3,"minecraft:cooked_mutton":5,"minecraft:iron_boots":1,"minecraft:dark_oak_planks":16,"minecraft:cooked_beef":4,"minecraft:crafting_table":1,"minecraft:iron_helmet":1,"minecraft:air":0,"minecraft:iron_chestplate":1,"minecraft:stick":20,"minecraft:iron_ingot":34,"minecraft:iron_pickaxe":2,"minecraft:gold_ingot":7,"minecraft:iron_leggings":1,"minecraft:white_bed":1,"minecraft:torch":40},"minecraft:custom":{"minecraft:interact_with_smithing_table":4,"minecraft:mob_kills":20,"minecraft:interact_with_crafting_table":17,"minecraft:leave_game":1,"minecraft:time_since_death":36945,"minecraft:sprint_one_cm":231651,"minecraft:walk_one_cm":210668,"minecraft:drop":38,"minecraft:play_time":79392,"minecraft:sneak_time":5544,"minecraft:deaths":3,"minecraft:walk_under_water_one_cm":4201,"minecraft:jump":1121,"minecraft:interact_with_blast_furnace":17,"minecraft:walk_on_water_one_cm":6533,"minecraft:total_world_time":79392,"minecraft:interact_with_furnace":31,"minecraft:sleep_in_bed":2,"minecraft:time_since_rest":6142,"minecraft:damage_taken":1630,"minecraft:damage_dealt":3238,"minecraft:swim_one_cm":3173,"minecraft:fly_one_cm":143765,"minecraft:open_chest":4,"minecraft:crouch_one_cm":16377,"minecraft:fall_one_cm":35788}},"DataVersion":3465}