{"stats":{"minecraft:dropped":{"minecraft:wheat_seeds":1,"minecraft:stone_sword":1,"minecraft:cobbled_deepslate":3,"minecraft:cobblestone":19,"minecraft:leather":1,"minecraft:dirt":4,"minecraft:gray_wool":1,"minecraft:gunpowder":2,"minecraft:bone_meal":1,"minecraft:arrow":1,"minecraft:stone_pickaxe":1,"minecraft:string":1},"minecraft:picked_up":{"minecraft:crafting_table":2,"minecraft:leather":1,"minecraft:oak_log":1,"minecraft:gunpowder":2,"minecraft:lapis_lazuli":5,"skilltree:gem":10,"minecraft:string":1,"minecraft:dirt":19,"minecraft:bone":1,"minecraft:wheat_seeds":1,"minecraft:cobbled_deepslate":67,"minecraft:raw_gold":7,"minecraft:beef":4,"minecraft:cooked_chicken":2,"minecraft:oak_planks":4,"minecraft:furnace":2,"minecraft:raw_iron":51,"minecraft:torch":1,"minecraft:redstone":62,"minecraft:dark_oak_log":4,"minecraft:spider_eye":1,"minecraft:arrow":1,"minecraft:rotten_flesh":2,"minecraft:diamond":3,"minecraft:tropical_fish":5,"minecraft:bone_meal":1,"minecraft:gray_wool":1,"minecraft:gold_ingot":13,"minecraft:coal":23,"minecraft:mutton":5,"minecraft:white_wool":3,"minecraft:cobblestone":27},"minecraft:mined":{"minecraft:deepslate_redstone_ore":16,"minecraft:dark_oak_leaves":2,"minecraft:deepslate_diamond_ore":3,"minecraft:clay":1,"minecraft:crafting_table":2,"minecraft:grass_block":1,"minecraft:deepslate_gold_ore":20,"minecraft:furnace":2,"minecraft:iron_ore":33,"minecraft:deepslate_lapis_ore":1,"minecraft:coal_ore":19,"minecraft:deepslate_iron_ore":1,"minecraft:dirt":7,"minecraft:cobweb":1,"minecraft:stone":27,"minecraft:oak_leaves":1,"minecraft:deepslate":68},"minecraft:killed":{"minecraft:spider":1,"iter_rpg:spiderling":1,"minecraft:sheep":4,"minecraft:zombie":2,"minecraft:cow":2},"minecraft:used":{"minecraft:stone_sword":15,"minecraft:stone_shovel":8,"minecraft:stone_pickaxe":60,"minecraft:cooked_chicken":2,"minecraft:rotten_flesh":2,"minecraft:torch":45,"minecraft:dirt":15,"minecraft:crafting_table":2,"simplyswords:iron_twinblade":1,"minecraft:spider_eye":1,"minecraft:iron_pickaxe":123,"minecraft:stone_axe":14,"minecraft:furnace":2,"minecraft:cooked_beef":2},"minecraft:crafted":{"minecraft:cooked_beef":4,"minecraft:oak_planks":4,"minecraft:crafting_table":1,"simplyswords:iron_twinblade":1,"minecraft:furnace":1,"minecraft:cooked_mutton":5,"minecraft:air":0,"minecraft:stick":20,"minecraft:iron_ingot":10,"minecraft:iron_pickaxe":1,"minecraft:gold_ingot":7,"minecraft:white_bed":1,"minecraft:dark_oak_planks":16,"minecraft:torch":40},"minecraft:custom":{"minecraft:interact_with_furnace":14,"minecraft:mob_kills":11,"minecraft:interact_with_crafting_table":8,"minecraft:time_since_death":39907,"minecraft:time_since_rest":39907,"minecraft:sprint_one_cm":66665,"minecraft:damage_taken":465,"minecraft:walk_one_cm":108859,"minecraft:drop":14,"minecraft:damage_dealt":1715,"minecraft:fly_one_cm":34144,"minecraft:crouch_one_cm":10230,"minecraft:play_time":39907,"minecraft:sneak_time":3510,"minecraft:walk_under_water_one_cm":175,"minecraft:jump":400,"minecraft:walk_on_water_one_cm":821,"minecraft:total_world_time":39907,"minecraft:fall_one_cm":12945}},"DataVersion":3465}