{"stats":{"minecraft:picked_up":{"minecraft:wheat_seeds":1,"minecraft:cooked_chicken":2,"minecraft:string":1,"minecraft:dark_oak_log":4,"minecraft:spider_eye":1,"minecraft:dirt":13,"minecraft:cobblestone":7},"minecraft:mined":{"minecraft:grass_block":1,"minecraft:dark_oak_leaves":1,"minecraft:stone":7},"minecraft:killed":{"minecraft:spider":1,"minecraft:zombie":1},"minecraft:used":{"minecraft:cooked_chicken":1,"minecraft:stone_axe":5,"minecraft:stone_pickaxe":8,"minecraft:spider_eye":1},"minecraft:custom":{"minecraft:time_since_rest":9907,"minecraft:crouch_one_cm":2813,"minecraft:play_time":9907,"minecraft:sprint_one_cm":10708,"minecraft:damage_taken":235,"minecraft:walk_one_cm":15171,"minecraft:sneak_time":895,"minecraft:mob_kills":2,"minecraft:jump":105,"minecraft:damage_dealt":378,"minecraft:time_since_death":9907,"minecraft:total_world_time":9907,"minecraft:fall_one_cm":4081,"minecraft:fly_one_cm":9028}},"DataVersion":3465}