{"stats":{"minecraft:picked_up":{"minecraft:iron_chestplate":1,"minecraft:crafting_table":9,"minecraft:allium":4,"minecraft:chicken":2,"ecologics:seashell":2,"minecraft:smithing_table":4,"minecraft:stone_slab":2,"friendsandfoes:totem_of_illusion":2,"minecraft:brewing_stand":1,"minecraft:cornflower":13,"minecraft:string":29,"minecraft:red_bed":1,"minecraft:raw_copper":76,"minecraft:iron_leggings":1,"minecraft:magenta_wool":2,"minecraft:shroomlight":5,"minecraft:cobbled_deepslate":15,"minecraft:spruce_planks":1,"iter_rpg:coin":1,"artifacts:aqua_dashers":2,"minecraft:beef":136,"minecraft:white_tulip":2,"minecraft:iron_nugget":7,"minecraft:light_gray_wool":5,"minecraft:chest":1,"minecraft:spruce_trapdoor":5,"minecraft:tipped_arrow":1,"minecraft:iron_boots":1,"minecraft:furnace":20,"minecraft:dark_oak_sapling":2,"minecraft:stick":1,"minecraft:raw_iron":203,"ecologics:coconut_slice":8,"minecraft:torch":21,"minecraft:acacia_log":1,"minecraft:porkchop":65,"minecraft:redstone":1,"artifacts:everlasting_beef":1,"minecraft:stone_sword":2,"minecraft:arrow":65,"minecraft:rotten_flesh":44,"minecraft:hay_block":4,"minecraft:gold_ingot":2,"minecraft:white_terracotta":1,"minecraft:obsidian":5,"minecraft:mutton":138,"minecraft:white_wool":72,"minecraft:cobblestone":164,"minecraft:smooth_red_sandstone_stairs":1,"minecraft:feather":1,"minecraft:iron_door":2,"minecraft:andesite":49,"minecraft:salmon":36,"minecraft:brown_wool":1,"minecraft:leather":88,"minecraft:potato":1,"minecraft:light_gray_dye":2,"minecraft:oak_log":51,"minecraft:gunpowder":17,"minecraft:dirt":135,"minecraft:lapis_lazuli":72,"skilltree:gem":74,"minecraft:cooked_mutton":3,"minecraft:glass":26,"minecraft:bone":69,"minecraft:apple":3,"minecraft:warped_stem":22,"minecraft:bow":1,"minecraft:wheat_seeds":6,"minecraft:raw_gold":32,"minecraft:stone_pickaxe":1,"iter_rpg:potsherd":3,"minecraft:iron_ingot":12,"minecraft:iron_sword":2,"minecraft:glowstone_dust":4,"minecraft:stone_hoe":1,"minecraft:oak_planks":43,"minecraft:book":12,"minecraft:pumpkin":1,"travelersbackpack:squid":3,"minecraft:sweet_berries":14,"minecraft:warped_wart_block":125,"minecraft:gravel":7,"travelersbackpack:magenta_sleeping_bag":1,"minecraft:sand":117,"minecraft:lily_of_the_valley":2,"minecraft:spruce_sapling":1,"minecraft:ink_sac":4,"minecraft:white_bed":1,"minecraft:spruce_log":26,"minecraft:cyan_bed":1,"minecraft:spider_eye":4,"minecraft:mossy_cobblestone":14,"minecraft:light_gray_concrete":4,"minecraft:cut_red_sandstone":1,"travelersbackpack:standard":7,"minecraft:purple_bed":1,"minecraft:stone_axe":2,"waystones:waystone":2,"minecraft:iron_helmet":2,"minecraft:granite":1,"minecraft:bone_meal":2,"minecraft:gray_wool":2,"minecraft:bread":5,"minecraft:emerald":2,"minecraft:coal":197,"minecraft:oak_sapling":2,"minecraft:black_wool":5,"minecraft:ender_pearl":1},"minecraft:dropped":{"minecraft:stone_hoe":2,"minecraft:iron_ingot":6,"minecraft:wheat_seeds":5,"simplyswords:iron_greataxe":1,"minecraft:crafting_table":2,"minecraft:dark_oak_sapling":1,"minecraft:iron_helmet":1,"minecraft:cobblestone":61,"minecraft:leather":9,"minecraft:coal":96,"friendsandfoes:totem_of_illusion":1,"minecraft:dirt":6,"minecraft:red_bed":1,"minecraft:gray_wool":1,"minecraft:brown_wool":1,"minecraft:iron_leggings":1,"minecraft:sand":1,"minecraft:iron_pickaxe":1,"minecraft:white_wool":1,"minecraft:gravel":1,"minecraft:furnace":6,"minecraft:stone_axe":1,"minecraft:iron_nugget":7,"minecraft:cobbled_deepslate":7,"minecraft:chicken":2,"minecraft:iron_boots":2,"minecraft:oak_planks":41,"minecraft:light_gray_concrete":4,"minecraft:stone_slab":2,"minecraft:white_bed":1,"minecraft:cut_red_sandstone":1,"minecraft:lily_of_the_valley":2,"minecraft:spruce_trapdoor":4,"minecraft:spruce_planks":24,"minecraft:iron_chestplate":1,"minecraft:diamond_pickaxe":1,"minecraft:andesite":28,"minecraft:oak_sapling":1,"minecraft:light_gray_dye":4,"minecraft:beef":64,"minecraft:arrow":2,"minecraft:smooth_red_sandstone_stairs":1,"minecraft:stone_pickaxe":1,"minecraft:magenta_wool":2,"minecraft:black_wool":1},"minecraft:mined":{"minecraft:spruce_planks":1,"minecraft:mossy_cobblestone":7,"minecraft:dark_oak_leaves":2,"minecraft:brewing_stand":1,"minecraft:spruce_trapdoor":3,"minecraft:granite":1,"minecraft:acacia_log":1,"minecraft:allium":4,"minecraft:smooth_red_sandstone_stairs":1,"minecraft:grass_block":8,"minecraft:spruce_leaves":14,"minecraft:spawner":4,"minecraft:large_fern":2,"minecraft:hay_block":4,"minecraft:glowstone":1,"minecraft:furnace":20,"minecraft:iron_ore":95,"minecraft:cobbled_deepslate":2,"minecraft:andesite":65,"minecraft:pumpkin":1,"minecraft:bookshelf":4,"minecraft:shroomlight":5,"minecraft:deepslate_iron_ore":6,"minecraft:warped_stem":22,"minecraft:light_gray_concrete":4,"minecraft:white_tulip":2,"minecraft:stone":109,"minecraft:smithing_table":4,"minecraft:red_bed":1,"minecraft:medium_amethyst_bud":1,"minecraft:cornflower":13,"travelersbackpack:standard":7,"minecraft:clay":1,"minecraft:crafting_table":8,"minecraft:torch":11,"minecraft:emerald_ore":1,"iter_rpg:vase":1,"minecraft:chest":2,"minecraft:tall_grass":1,"minecraft:campfire":1,"minecraft:stone_slab":1,"minecraft:copper_ore":11,"minecraft:cobblestone":16,"minecraft:lapis_ore":12,"minecraft:oak_planks":2,"minecraft:iron_door":2,"minecraft:wall_torch":5,"minecraft:warped_wart_block":125,"minecraft:white_terracotta":1,"travelersbackpack:squid":3,"minecraft:purple_bed":1,"minecraft:coarse_dirt":2,"ecologics:seashell":2,"travelersbackpack:magenta_sleeping_bag":1,"minecraft:spruce_log":26,"minecraft:grass":36,"minecraft:oak_log":26,"minecraft:coal_ore":80,"iter_rpg:spider_egg":1,"ecologics:hanging_coconut":1,"minecraft:gravel":2,"minecraft:sand":101,"minecraft:dirt":22,"minecraft:cobweb":18,"minecraft:acacia_planks":3,"minecraft:cut_red_sandstone":1,"minecraft:gold_ore":17,"minecraft:oak_leaves":9,"minecraft:deepslate":2,"minecraft:fern":3},"minecraft:killed_by":{"minecraft:skeleton":1,"minecraft:zombie":1},"minecraft:killed":{"minecraft:witch":1,"minecraft:spider":10,"minecraft:horse":13,"minecraft:skeleton":39,"minecraft:chicken":1,"minecraft:illusioner":1,"artifacts:mimic":1,"minecraft:pig":27,"minecraft:salmon":31,"iter_rpg:spiderling":2,"minecraft:creeper":10,"minecraft:squid":2,"minecraft:sheep":66,"minecraft:pillager":1,"minecraft:donkey":2,"minecraft:zombie":40,"minecraft:stray":3,"creeperoverhaul:savannah_creeper":1,"minecraft:enderman":4,"minecraft:cow":54},"minecraft:used":{"minecraft:stone_sword":49,"minecraft:acacia_log":1,"minecraft:spruce_planks":1,"minecraft:white_terracotta":1,"minecraft:chest":1,"minecraft:cooked_salmon":8,"minecraft:stone_hoe":9,"minecraft:rotten_flesh":10,"minecraft:torch":24,"minecraft:dirt":59,"minecraft:granite":1,"simplyswords:diamond_scythe":635,"minecraft:iron_axe":21,"travelersbackpack:squid":11,"minecraft:beef":2,"minecraft:sweet_berries":7,"minecraft:furnace":19,"minecraft:cooked_mutton":3,"minecraft:water_bucket":19,"minecraft:stone_pickaxe":114,"minecraft:oak_planks":3,"artifacts:eternal_steak":18,"minecraft:mossy_cobblestone":7,"minecraft:crafting_table":10,"travelersbackpack:magenta_sleeping_bag":1,"simplyswords:iron_greataxe":31,"minecraft:spruce_log":5,"waystones:waystone":1,"minecraft:diamond_pickaxe":65,"minecraft:bread":3,"minecraft:iron_pickaxe":199,"minecraft:spruce_trapdoor":1,"minecraft:spruce_sapling":1,"minecraft:gravel":1,"minecraft:stone_axe":74,"minecraft:purple_bed":1,"minecraft:cobblestone":30,"travelersbackpack:standard":22,"minecraft:cooked_porkchop":4,"minecraft:smithing_table":4,"minecraft:bucket":22,"minecraft:andesite":17,"minecraft:bone_meal":3},"minecraft:crafted":{"hangglider:glider_framework":1,"artifacts:eternal_steak":1,"minecraft:magenta_wool":4,"minecraft:oak_planks":56,"simplyswords:diamond_scythe":1,"minecraft:iron_nugget":9,"hangglider:hang_glider":1,"minecraft:furnace":8,"minecraft:bone_meal":9,"hangglider:glider_wing":2,"travelersbackpack:blank_upgrade":4,"travelersbackpack:gold_tier_upgrade":2,"minecraft:cooked_mutton":32,"simplyswords:iron_greataxe":1,"minecraft:glass":69,"minecraft:iron_boots":1,"travelersbackpack:light_gray_sleeping_bag":1,"minecraft:stone_pickaxe":1,"minecraft:chest":5,"minecraft:stone_hoe":1,"minecraft:magenta_dye":4,"minecraft:wheat":36,"minecraft:cooked_beef":32,"travelersbackpack:iron_tier_upgrade":2,"minecraft:cooked_porkchop":4,"minecraft:crafting_table":4,"minecraft:spruce_planks":36,"travelersbackpack:backpack_tank":8,"travelersbackpack:standard":4,"minecraft:iron_helmet":1,"minecraft:smithing_table":1,"minecraft:cooked_salmon":11,"minecraft:bucket":1,"minecraft:bread":12,"minecraft:air":0,"travelersbackpack:squid":3,"minecraft:stick":8,"minecraft:iron_ingot":84,"minecraft:iron_pickaxe":1,"minecraft:gold_ingot":24,"minecraft:iron_leggings":1,"minecraft:light_gray_dye":2,"minecraft:torch":12,"travelersbackpack:magenta_sleeping_bag":2,"minecraft:lapis_block":4},"minecraft:custom":{"minecraft:interact_with_smithing_table":16,"minecraft:mob_kills":313,"minecraft:interact_with_crafting_table":40,"minecraft:open_barrel":11,"minecraft:leave_game":2,"minecraft:time_since_death":231137,"minecraft:climb_one_cm":10737,"minecraft:sprint_one_cm":473960,"minecraft:walk_one_cm":518915,"minecraft:drop":72,"minecraft:talked_to_villager":4,"minecraft:play_time":244326,"minecraft:deaths":2,"minecraft:sneak_time":13896,"minecraft:walk_under_water_one_cm":42249,"minecraft:jump":4254,"minecraft:walk_on_water_one_cm":29877,"minecraft:total_world_time":244326,"minecraft:interact_with_furnace":150,"minecraft:sleep_in_bed":8,"minecraft:time_since_rest":75629,"minecraft:waystone_activated":1,"minecraft:damage_taken":2939,"minecraft:damage_dealt":42457,"minecraft:swim_one_cm":87981,"minecraft:fly_one_cm":1188188,"minecraft:open_chest":50,"minecraft:crouch_one_cm":40166,"minecraft:fall_one_cm":293057,"minecraft:horse_one_cm":470}},"DataVersion":3465}