{"stats":{"minecraft:dropped":{"minecraft:wheat_seeds":1,"minecraft:dark_oak_sapling":1,"minecraft:oak_planks":1,"minecraft:spruce_planks":24,"minecraft:andesite":18,"minecraft:oak_sapling":1,"minecraft:stone_pickaxe":1},"minecraft:picked_up":{"minecraft:crafting_table":3,"minecraft:andesite":39,"minecraft:leather":2,"minecraft:oak_log":51,"minecraft:brewing_stand":1,"skilltree:gem":26,"minecraft:lapis_lazuli":39,"minecraft:string":9,"minecraft:red_bed":1,"minecraft:raw_copper":70,"minecraft:bone":10,"minecraft:wheat_seeds":2,"minecraft:raw_gold":17,"artifacts:aqua_dashers":1,"iter_rpg:potsherd":3,"minecraft:stone_pickaxe":1,"minecraft:beef":4,"minecraft:light_gray_wool":2,"minecraft:oak_planks":1,"minecraft:furnace":4,"minecraft:dark_oak_sapling":2,"minecraft:raw_iron":43,"minecraft:sweet_berries":12,"minecraft:porkchop":6,"minecraft:spruce_log":14,"minecraft:cyan_bed":1,"minecraft:mossy_cobblestone":14,"minecraft:stone_sword":2,"minecraft:arrow":5,"minecraft:rotten_flesh":11,"minecraft:stone_axe":2,"minecraft:oak_sapling":2,"minecraft:black_wool":3,"minecraft:mutton":18,"minecraft:coal":39,"minecraft:white_wool":10,"minecraft:cobblestone":37},"minecraft:mined":{"minecraft:red_bed":1,"minecraft:mossy_cobblestone":7,"minecraft:dark_oak_leaves":2,"minecraft:brewing_stand":1,"minecraft:crafting_table":3,"iter_rpg:vase":1,"minecraft:campfire":1,"minecraft:copper_ore":10,"minecraft:cobblestone":7,"minecraft:lapis_ore":5,"minecraft:furnace":4,"minecraft:iron_ore":34,"minecraft:spruce_log":14,"minecraft:andesite":47,"minecraft:grass":1,"iter_rpg:spider_egg":1,"minecraft:coal_ore":34,"minecraft:oak_log":26,"minecraft:deepslate_iron_ore":4,"minecraft:cobweb":4,"minecraft:stone":16,"minecraft:gold_ore":17,"minecraft:deepslate":1,"minecraft:oak_leaves":9},"minecraft:killed_by":{"minecraft:skeleton":1,"minecraft:zombie":1},"minecraft:killed":{"minecraft:pig":1,"minecraft:spider":1,"iter_rpg:spiderling":2,"minecraft:sheep":8,"minecraft:skeleton":4,"minecraft:zombie":10,"artifacts:mimic":1,"minecraft:enderman":1,"minecraft:cow":2},"minecraft:used":{"minecraft:cooked_mutton":1,"minecraft:stone_sword":49,"minecraft:stone_pickaxe":114,"minecraft:oak_planks":3,"minecraft:rotten_flesh":10,"minecraft:torch":2,"minecraft:mossy_cobblestone":7,"minecraft:crafting_table":4,"simplyswords:iron_greataxe":25,"minecraft:spruce_log":5,"minecraft:iron_pickaxe":78,"minecraft:stone_axe":74,"minecraft:cobblestone":8,"minecraft:beef":2,"minecraft:sweet_berries":7,"minecraft:furnace":2,"minecraft:cooked_porkchop":4,"minecraft:andesite":17},"minecraft:crafted":{"minecraft:oak_planks":56,"minecraft:cooked_porkchop":4,"minecraft:crafting_table":2,"minecraft:iron_nugget":9,"minecraft:spruce_planks":36,"minecraft:furnace":1,"minecraft:cooked_mutton":1,"minecraft:air":0,"simplyswords:iron_greataxe":1,"minecraft:stick":8,"minecraft:iron_ingot":14,"minecraft:iron_pickaxe":1,"minecraft:stone_pickaxe":1,"minecraft:torch":12},"minecraft:custom":{"minecraft:interact_with_furnace":17,"minecraft:mob_kills":31,"minecraft:interact_with_crafting_table":9,"minecraft:open_barrel":10,"minecraft:time_since_death":30004,"minecraft:time_since_rest":30035,"minecraft:sprint_one_cm":106802,"minecraft:damage_taken":1301,"minecraft:walk_one_cm":121289,"minecraft:drop":7,"minecraft:damage_dealt":5506,"minecraft:fly_one_cm":89186,"minecraft:open_chest":6,"minecraft:crouch_one_cm":7114,"minecraft:play_time":43193,"minecraft:deaths":2,"minecraft:sneak_time":3694,"minecraft:walk_under_water_one_cm":2202,"minecraft:jump":534,"minecraft:walk_on_water_one_cm":7007,"minecraft:total_world_time":43193,"minecraft:fall_one_cm":12749}},"DataVersion":3465}