{"stats":{"minecraft:picked_up":{"minecraft:stone_sword":1,"minecraft:stone_pickaxe":1,"minecraft:stone_axe":1},"minecraft:killed_by":{"minecraft:zombie":1},"minecraft:used":{"minecraft:stone_sword":6},"minecraft:custom":{"minecraft:jump":10,"minecraft:time_since_rest":276,"minecraft:damage_dealt":294,"minecraft:crouch_one_cm":199,"minecraft:deaths":1,"minecraft:sprint_one_cm":2439,"minecraft:play_time":1193,"minecraft:damage_taken":274,"minecraft:time_since_death":252,"minecraft:walk_one_cm":11096,"minecraft:sneak_time":37,"minecraft:total_world_time":1193,"minecraft:fall_one_cm":1662,"minecraft:fly_one_cm":686}},"DataVersion":3465}