{"stats":{"minecraft:picked_up":{"minecraft:dark_oak_sapling":2,"minecraft:crafting_table":1,"minecraft:raw_iron":12,"minecraft:sweet_berries":12,"minecraft:leather":2,"minecraft:porkchop":6,"minecraft:oak_log":51,"minecraft:spruce_log":14,"skilltree:gem":9,"minecraft:string":2,"minecraft:mossy_cobblestone":14,"minecraft:raw_copper":70,"minecraft:stone_sword":2,"minecraft:rotten_flesh":11,"minecraft:stone_axe":2,"minecraft:wheat_seeds":2,"minecraft:beef":4,"minecraft:stone_pickaxe":1,"minecraft:light_gray_wool":2,"minecraft:oak_sapling":2,"minecraft:oak_planks":1,"minecraft:black_wool":2,"minecraft:mutton":18,"minecraft:coal":27,"minecraft:white_wool":10,"minecraft:cobblestone":30,"minecraft:furnace":1},"minecraft:mined":{"minecraft:furnace":1,"minecraft:mossy_cobblestone":7,"minecraft:dark_oak_leaves":2,"minecraft:iron_ore":6,"minecraft:spruce_log":14,"minecraft:crafting_table":1,"minecraft:grass":1,"minecraft:oak_log":26,"minecraft:coal_ore":22,"minecraft:copper_ore":10,"minecraft:cobblestone":7,"minecraft:stone":9,"minecraft:oak_leaves":9},"minecraft:killed_by":{"minecraft:skeleton":1,"minecraft:zombie":1},"minecraft:killed":{"minecraft:sheep":8,"minecraft:zombie":10,"minecraft:pig":1,"minecraft:spider":1,"minecraft:cow":2},"minecraft:used":{"minecraft:stone_sword":42,"minecraft:stone_pickaxe":63,"minecraft:oak_planks":3,"minecraft:rotten_flesh":7,"minecraft:stone_axe":71,"minecraft:cobblestone":4,"minecraft:crafting_table":2,"minecraft:furnace":1,"minecraft:spruce_log":5},"minecraft:crafted":{"simplyswords:iron_greataxe":1,"minecraft:oak_planks":4,"minecraft:iron_nugget":9,"minecraft:crafting_table":1,"minecraft:spruce_planks":36,"minecraft:stick":4,"minecraft:iron_ingot":6,"minecraft:stone_pickaxe":1,"minecraft:furnace":1,"minecraft:air":0},"minecraft:custom":{"minecraft:time_since_rest":6035,"minecraft:interact_with_furnace":3,"minecraft:sprint_one_cm":57023,"minecraft:damage_taken":604,"minecraft:walk_one_cm":61613,"minecraft:mob_kills":23,"minecraft:damage_dealt":3110,"minecraft:interact_with_crafting_table":2,"minecraft:fly_one_cm":56577,"minecraft:crouch_one_cm":2909,"minecraft:play_time":19193,"minecraft:deaths":2,"minecraft:sneak_time":1321,"minecraft:jump":309,"minecraft:time_since_death":6004,"minecraft:total_world_time":19193,"minecraft:fall_one_cm":7851}},"DataVersion":3465}