{"stats":{"minecraft:dropped":{"minecraft:wheat_seeds":1,"minecraft:dark_oak_sapling":1,"minecraft:oak_planks":1,"minecraft:stone_pickaxe":1},"minecraft:picked_up":{"minecraft:crafting_table":3,"minecraft:andesite":30,"minecraft:leather":2,"minecraft:oak_log":51,"skilltree:gem":19,"minecraft:lapis_lazuli":18,"minecraft:string":6,"minecraft:raw_copper":70,"minecraft:bone":4,"minecraft:wheat_seeds":2,"minecraft:raw_gold":9,"iter_rpg:potsherd":1,"minecraft:stone_pickaxe":1,"minecraft:beef":4,"minecraft:light_gray_wool":2,"minecraft:oak_planks":1,"minecraft:furnace":2,"minecraft:dark_oak_sapling":2,"minecraft:raw_iron":22,"minecraft:sweet_berries":12,"minecraft:porkchop":6,"minecraft:spruce_log":14,"minecraft:mossy_cobblestone":14,"minecraft:stone_sword":2,"minecraft:arrow":1,"minecraft:rotten_flesh":11,"minecraft:stone_axe":2,"minecraft:oak_sapling":2,"minecraft:black_wool":3,"minecraft:mutton":18,"minecraft:coal":39,"minecraft:white_wool":10,"minecraft:cobblestone":33},"minecraft:mined":{"minecraft:mossy_cobblestone":7,"minecraft:dark_oak_leaves":2,"minecraft:crafting_table":3,"minecraft:copper_ore":10,"minecraft:cobblestone":7,"minecraft:lapis_ore":2,"minecraft:furnace":2,"minecraft:iron_ore":16,"minecraft:spruce_log":14,"minecraft:andesite":33,"minecraft:grass":1,"minecraft:coal_ore":34,"minecraft:oak_log":26,"minecraft:cobweb":4,"minecraft:stone":12,"minecraft:gold_ore":9,"minecraft:oak_leaves":9},"minecraft:killed_by":{"minecraft:skeleton":1,"minecraft:zombie":1},"minecraft:killed":{"minecraft:pig":1,"minecraft:spider":1,"minecraft:sheep":8,"minecraft:skeleton":1,"minecraft:zombie":10,"minecraft:cow":2},"minecraft:used":{"minecraft:stone_sword":49,"minecraft:stone_pickaxe":114,"minecraft:oak_planks":3,"minecraft:rotten_flesh":10,"minecraft:mossy_cobblestone":7,"minecraft:crafting_table":4,"minecraft:spruce_log":5,"minecraft:iron_pickaxe":19,"minecraft:stone_axe":73,"minecraft:cobblestone":5,"minecraft:sweet_berries":4,"minecraft:furnace":2,"minecraft:andesite":17},"minecraft:crafted":{"minecraft:oak_planks":4,"minecraft:crafting_table":2,"minecraft:iron_nugget":9,"minecraft:spruce_planks":36,"minecraft:furnace":1,"minecraft:air":0,"simplyswords:iron_greataxe":1,"minecraft:stick":8,"minecraft:iron_ingot":14,"minecraft:iron_pickaxe":1,"minecraft:stone_pickaxe":1},"minecraft:custom":{"minecraft:interact_with_furnace":7,"minecraft:mob_kills":24,"minecraft:interact_with_crafting_table":6,"minecraft:time_since_death":18004,"minecraft:time_since_rest":18035,"minecraft:sprint_one_cm":76732,"minecraft:damage_taken":724,"minecraft:walk_one_cm":81925,"minecraft:drop":4,"minecraft:damage_dealt":3310,"minecraft:fly_one_cm":67836,"minecraft:crouch_one_cm":6327,"minecraft:play_time":31193,"minecraft:deaths":2,"minecraft:sneak_time":3451,"minecraft:walk_under_water_one_cm":2114,"minecraft:jump":411,"minecraft:walk_on_water_one_cm":3883,"minecraft:total_world_time":31193,"minecraft:fall_one_cm":9796}},"DataVersion":3465}