{"stats":{"minecraft:dropped":{"minecraft:iron_ingot":5,"minecraft:furnace":6,"minecraft:stone_axe":1,"minecraft:wheat_seeds":1,"minecraft:iron_nugget":7,"minecraft:cobbled_deepslate":7,"minecraft:crafting_table":1,"minecraft:dark_oak_sapling":1,"minecraft:cobblestone":61,"minecraft:oak_planks":41,"minecraft:leather":9,"minecraft:white_bed":1,"minecraft:coal":96,"minecraft:red_bed":1,"minecraft:spruce_planks":24,"minecraft:diamond_pickaxe":1,"minecraft:andesite":25,"minecraft:oak_sapling":1,"minecraft:stone_pickaxe":1,"minecraft:iron_pickaxe":1,"minecraft:magenta_wool":2,"minecraft:black_wool":1},"minecraft:picked_up":{"minecraft:allium":2,"minecraft:crafting_table":4,"minecraft:andesite":46,"minecraft:leather":15,"minecraft:oak_log":51,"minecraft:brewing_stand":1,"minecraft:dirt":4,"skilltree:gem":54,"minecraft:lapis_lazuli":72,"minecraft:string":9,"minecraft:red_bed":1,"minecraft:raw_copper":70,"minecraft:magenta_wool":2,"minecraft:cooked_mutton":2,"minecraft:bone":10,"minecraft:wheat_seeds":2,"minecraft:cobbled_deepslate":15,"minecraft:raw_gold":32,"minecraft:iron_ingot":7,"artifacts:aqua_dashers":1,"iter_rpg:potsherd":3,"minecraft:stone_pickaxe":1,"minecraft:beef":4,"minecraft:iron_nugget":7,"minecraft:light_gray_wool":2,"minecraft:oak_planks":41,"minecraft:furnace":7,"minecraft:dark_oak_sapling":2,"minecraft:raw_iron":137,"minecraft:sweet_berries":12,"minecraft:torch":1,"travelersbackpack:magenta_sleeping_bag":1,"minecraft:sand":38,"minecraft:porkchop":6,"minecraft:white_bed":1,"minecraft:spruce_log":14,"minecraft:cyan_bed":1,"minecraft:mossy_cobblestone":14,"travelersbackpack:standard":1,"minecraft:stone_sword":2,"minecraft:arrow":5,"minecraft:rotten_flesh":11,"minecraft:stone_axe":2,"minecraft:gold_ingot":2,"minecraft:oak_sapling":2,"minecraft:black_wool":3,"minecraft:mutton":18,"minecraft:coal":146,"minecraft:white_wool":11,"minecraft:cobblestone":80},"minecraft:mined":{"minecraft:red_bed":1,"minecraft:mossy_cobblestone":7,"minecraft:dark_oak_leaves":2,"travelersbackpack:standard":1,"minecraft:brewing_stand":1,"minecraft:clay":1,"minecraft:crafting_table":3,"minecraft:grass_block":1,"minecraft:allium":2,"iter_rpg:vase":1,"minecraft:chest":1,"minecraft:campfire":1,"minecraft:copper_ore":10,"minecraft:cobblestone":7,"minecraft:lapis_ore":12,"minecraft:wall_torch":1,"minecraft:furnace":7,"travelersbackpack:magenta_sleeping_bag":1,"minecraft:cobbled_deepslate":2,"minecraft:iron_ore":74,"minecraft:spruce_log":14,"minecraft:andesite":61,"minecraft:grass":2,"iter_rpg:spider_egg":1,"minecraft:coal_ore":34,"minecraft:oak_log":26,"minecraft:deepslate_iron_ore":6,"minecraft:sand":22,"minecraft:dirt":3,"minecraft:cobweb":4,"minecraft:stone":62,"minecraft:gold_ore":17,"minecraft:deepslate":2,"minecraft:oak_leaves":9},"minecraft:killed_by":{"minecraft:skeleton":1,"minecraft:zombie":1},"minecraft:killed":{"minecraft:pig":1,"minecraft:spider":1,"iter_rpg:spiderling":2,"minecraft:sheep":9,"minecraft:skeleton":4,"minecraft:zombie":10,"artifacts:mimic":1,"minecraft:enderman":1,"minecraft:cow":2},"minecraft:used":{"minecraft:cooked_mutton":3,"minecraft:stone_sword":49,"minecraft:stone_pickaxe":114,"minecraft:oak_planks":3,"minecraft:chest":1,"minecraft:rotten_flesh":10,"minecraft:torch":4,"minecraft:mossy_cobblestone":7,"travelersbackpack:magenta_sleeping_bag":1,"minecraft:crafting_table":5,"simplyswords:iron_greataxe":31,"minecraft:spruce_log":5,"minecraft:iron_axe":2,"minecraft:iron_pickaxe":199,"minecraft:stone_axe":74,"minecraft:cobblestone":13,"travelersbackpack:standard":4,"minecraft:beef":2,"minecraft:sweet_berries":7,"minecraft:furnace":6,"minecraft:cooked_porkchop":4,"minecraft:andesite":17},"minecraft:crafted":{"minecraft:magenta_wool":2,"minecraft:oak_planks":56,"simplyswords:diamond_scythe":1,"minecraft:cooked_porkchop":4,"minecraft:crafting_table":3,"minecraft:iron_nugget":9,"minecraft:spruce_planks":36,"travelersbackpack:standard":1,"travelersbackpack:backpack_tank":2,"minecraft:iron_helmet":1,"minecraft:furnace":5,"minecraft:cooked_mutton":1,"minecraft:air":0,"simplyswords:iron_greataxe":1,"minecraft:glass":12,"minecraft:iron_boots":1,"minecraft:stick":8,"minecraft:iron_ingot":36,"minecraft:iron_pickaxe":1,"minecraft:stone_pickaxe":1,"minecraft:gold_ingot":9,"minecraft:chest":2,"minecraft:iron_leggings":1,"minecraft:torch":12,"travelersbackpack:magenta_sleeping_bag":1,"minecraft:magenta_dye":2},"minecraft:custom":{"minecraft:interact_with_furnace":51,"minecraft:mob_kills":32,"minecraft:interact_with_crafting_table":26,"minecraft:open_barrel":11,"minecraft:time_since_death":54004,"minecraft:sleep_in_bed":1,"minecraft:climb_one_cm":288,"minecraft:time_since_rest":2657,"minecraft:sprint_one_cm":158094,"minecraft:damage_taken":1341,"minecraft:walk_one_cm":181500,"minecraft:drop":35,"minecraft:damage_dealt":5676,"minecraft:swim_one_cm":3101,"minecraft:fly_one_cm":155712,"minecraft:open_chest":20,"minecraft:crouch_one_cm":12566,"minecraft:play_time":67193,"minecraft:deaths":2,"minecraft:sneak_time":5210,"minecraft:walk_under_water_one_cm":5797,"minecraft:jump":946,"minecraft:walk_on_water_one_cm":7569,"minecraft:total_world_time":67193,"minecraft:fall_one_cm":26976}},"DataVersion":3465}