{"stats":{"minecraft:dropped":{"skilltree:gem":1},"minecraft:picked_up":{"minecraft:crafting_table":1,"minecraft:raw_iron":30,"minecraft:andesite":37,"minecraft:torch":1,"skilltree:gem":19,"minecraft:stone_sword":1,"minecraft:rotten_flesh":1,"minecraft:oak_planks":9,"minecraft:coal":53,"minecraft:cobblestone":13},"minecraft:mined":{"minecraft:iron_ore":30,"minecraft:andesite":58,"minecraft:crafting_table":1,"minecraft:coal_ore":53,"minecraft:stone":13,"minecraft:oak_planks":9,"minecraft:wall_torch":1},"minecraft:killed":{"minecraft:zombie":1},"minecraft:used":{"minecraft:stone_sword":5,"minecraft:stone_pickaxe":155,"minecraft:stone_axe":10,"minecraft:torch":5,"minecraft:crafting_table":1,"minecraft:andesite":10},"minecraft:crafted":{"minecraft:crafting_table":1,"minecraft:stick":8,"minecraft:stone_pickaxe":1,"minecraft:torch":16},"minecraft:custom":{"minecraft:time_since_rest":12481,"minecraft:interact_with_furnace":1,"minecraft:sprint_one_cm":867,"minecraft:damage_taken":85,"minecraft:walk_one_cm":48271,"minecraft:mob_kills":1,"minecraft:drop":1,"minecraft:damage_dealt":199,"minecraft:interact_with_crafting_table":1,"minecraft:fly_one_cm":309,"minecraft:open_barrel":1,"minecraft:crouch_one_cm":3938,"minecraft:play_time":12481,"minecraft:sneak_time":1193,"minecraft:walk_under_water_one_cm":1000,"minecraft:jump":99,"minecraft:time_since_death":12481,"minecraft:walk_on_water_one_cm":303,"minecraft:total_world_time":12481},"minecraft:broken":{"minecraft:stone_pickaxe":1}},"DataVersion":3465}