{"stats":{"minecraft:dropped":{"skilltree:gem":1},"minecraft:picked_up":{"minecraft:crafting_table":2,"minecraft:raw_iron":76,"minecraft:cooked_porkchop":3,"minecraft:andesite":142,"minecraft:torch":7,"minecraft:gravel":1,"minecraft:spruce_log":5,"minecraft:dirt":11,"minecraft:spider_eye":1,"minecraft:string":4,"skilltree:gem":30,"minecraft:arrow":1,"minecraft:stone_sword":1,"minecraft:bone":4,"minecraft:rotten_flesh":1,"minecraft:raw_gold":3,"minecraft:cobbled_deepslate":36,"minecraft:spruce_planks":24,"minecraft:stone_pickaxe":1,"minecraft:oak_planks":10,"minecraft:coal":53,"minecraft:cobblestone":92,"minecraft:furnace":1},"minecraft:mined":{"minecraft:furnace":1,"minecraft:iron_ore":76,"minecraft:spruce_log":8,"minecraft:andesite":170,"minecraft:crafting_table":2,"minecraft:grass_block":3,"iter_rpg:spider_egg":1,"minecraft:coal_ore":53,"minecraft:dirt":8,"minecraft:gravel":1,"minecraft:stone":92,"minecraft:oak_planks":9,"minecraft:gold_ore":3,"minecraft:deepslate":33,"minecraft:wall_torch":5},"minecraft:killed":{"minecraft:skeleton":1,"minecraft:zombie":1,"iter_rpg:spiderling":5},"minecraft:used":{"minecraft:stone_sword":5,"minecraft:stone_shovel":7,"minecraft:stone_pickaxe":207,"minecraft:iron_pickaxe":231,"minecraft:iron_sword":12,"minecraft:rotten_flesh":1,"minecraft:stone_axe":20,"minecraft:torch":69,"minecraft:crafting_table":2,"minecraft:cooked_porkchop":2,"minecraft:furnace":1,"minecraft:andesite":30},"minecraft:crafted":{"minecraft:iron_chestplate":1,"minecraft:iron_boots":1,"minecraft:crafting_table":1,"minecraft:stick":28,"minecraft:iron_pickaxe":1,"minecraft:iron_ingot":44,"minecraft:iron_helmet":1,"minecraft:stone_pickaxe":1,"minecraft:iron_sword":1,"minecraft:iron_leggings":1,"minecraft:furnace":1,"minecraft:torch":92},"minecraft:custom":{"minecraft:time_since_rest":36481,"minecraft:interact_with_furnace":19,"minecraft:sprint_one_cm":14178,"minecraft:damage_taken":219,"minecraft:walk_one_cm":150844,"minecraft:mob_kills":7,"minecraft:drop":1,"minecraft:damage_dealt":789,"minecraft:interact_with_crafting_table":11,"minecraft:fly_one_cm":18822,"minecraft:open_barrel":3,"minecraft:open_chest":2,"minecraft:crouch_one_cm":5816,"minecraft:play_time":36481,"minecraft:sneak_time":2097,"minecraft:walk_under_water_one_cm":1138,"minecraft:jump":352,"minecraft:time_since_death":36481,"minecraft:walk_on_water_one_cm":2698,"minecraft:total_world_time":36481,"minecraft:fall_one_cm":1672},"minecraft:broken":{"minecraft:stone_pickaxe":1}},"DataVersion":3465}