{"stats":{"minecraft:dropped":{"minecraft:wheat_seeds":1,"minecraft:spruce_door":2,"skilltree:gem":1,"minecraft:iron_pickaxe":1,"minecraft:spruce_sapling":6,"minecraft:gravel":1,"minecraft:stone_axe":2,"minecraft:stone_sword":1,"minecraft:stone_slab":2,"minecraft:spruce_trapdoor":1,"minecraft:stone_pickaxe":1,"minecraft:arrow":1,"minecraft:egg":1},"minecraft:picked_up":{"minecraft:crafting_table":3,"minecraft:wheat":1,"minecraft:stone_slab":5,"ecologics:seashell":4,"minecraft:string":4,"iter_rpg:etherbloom":4,"minecraft:cobbled_deepslate":95,"minecraft:spruce_planks":88,"minecraft:beef":40,"minecraft:white_tulip":4,"minecraft:spruce_slab":2,"minecraft:chest":9,"minecraft:spruce_trapdoor":3,"minecraft:egg":1,"minecraft:furnace":1,"minecraft:raw_iron":78,"ecologics:coconut_slice":16,"minecraft:torch":24,"minecraft:spruce_stairs":1,"minecraft:spruce_fence":10,"minecraft:stone_sword":1,"minecraft:arrow":5,"minecraft:rotten_flesh":6,"minecraft:peony":4,"minecraft:hay_block":13,"minecraft:mutton":7,"minecraft:white_wool":4,"minecraft:cobblestone":204,"minecraft:salmon":7,"minecraft:andesite":142,"minecraft:leather":23,"minecraft:smoker":2,"minecraft:potato":48,"minecraft:yellow_bed":1,"minecraft:dirt":111,"skilltree:gem":61,"minecraft:bone":7,"minecraft:wheat_seeds":36,"minecraft:raw_gold":3,"minecraft:stone_pickaxe":1,"minecraft:oak_planks":10,"minecraft:cooked_porkchop":3,"minecraft:axolotl_bucket":1,"minecraft:gravel":1,"minecraft:sand":253,"minecraft:spruce_sapling":7,"minecraft:blast_furnace":2,"minecraft:spruce_log":157,"minecraft:spider_eye":2,"minecraft:spruce_door":2,"minecraft:purple_bed":1,"minecraft:stone_axe":2,"minecraft:emerald":3,"minecraft:bread":4,"minecraft:coal":65},"minecraft:mined":{"minecraft:spruce_planks":68,"minecraft:spruce_trapdoor":3,"minecraft:grass_block":54,"minecraft:spruce_fence":10,"minecraft:jungle_planks":4,"minecraft:spruce_leaves":10,"minecraft:large_fern":4,"minecraft:hay_block":13,"minecraft:furnace":1,"minecraft:iron_ore":78,"iter_rpg:etherbloom":4,"minecraft:andesite":170,"minecraft:peony":4,"minecraft:potatoes":31,"minecraft:white_tulip":4,"minecraft:stone":201,"minecraft:spruce_slab":2,"minecraft:glass_pane":2,"minecraft:smoker":2,"minecraft:spruce_door":2,"minecraft:crafting_table":3,"minecraft:torch":4,"minecraft:blast_furnace":2,"minecraft:chest":9,"minecraft:stone_slab":5,"minecraft:glass":5,"minecraft:tall_grass":19,"minecraft:green_stained_glass_pane":2,"minecraft:oak_planks":11,"minecraft:wall_torch":14,"minecraft:spruce_stairs":3,"minecraft:purple_bed":1,"ecologics:seashell":3,"minecraft:wheat":2,"minecraft:spruce_log":166,"minecraft:grass":232,"minecraft:coal_ore":65,"iter_rpg:spider_egg":1,"minecraft:sand":247,"minecraft:gravel":3,"minecraft:dirt":18,"minecraft:gold_ore":3,"minecraft:deepslate":33,"minecraft:fern":30},"minecraft:killed":{"minecraft:spider":2,"minecraft:horse":3,"minecraft:skeleton":1,"minecraft:salmon":7,"iter_rpg:spiderling":5,"minecraft:creeper":1,"minecraft:sheep":4,"minecraft:zombie":3,"minecraft:cow":23},"minecraft:used":{"minecraft:peony":2,"minecraft:stone_sword":5,"minecraft:white_tulip":4,"minecraft:stone_shovel":131,"minecraft:spruce_planks":339,"minecraft:chest":14,"minecraft:iron_sword":122,"minecraft:rotten_flesh":1,"minecraft:torch":107,"minecraft:dirt":108,"minecraft:spruce_stairs":5,"minecraft:spruce_fence":39,"minecraft:axolotl_bucket":1,"minecraft:iron_hoe":93,"minecraft:glass":7,"minecraft:iron_axe":168,"minecraft:bow":2,"minecraft:furnace":3,"minecraft:potato":86,"minecraft:cobbled_deepslate":95,"minecraft:wheat_seeds":26,"minecraft:water_bucket":16,"minecraft:spruce_door":6,"minecraft:stone_pickaxe":207,"minecraft:spruce_sign":4,"minecraft:spruce_fence_gate":1,"minecraft:sand":7,"minecraft:crafting_table":5,"minecraft:spruce_log":18,"minecraft:bread":18,"minecraft:iron_pickaxe":363,"minecraft:spruce_trapdoor":50,"minecraft:stone_axe":134,"minecraft:cobblestone":128,"travelersbackpack:standard":1,"minecraft:purple_bed":1,"minecraft:cooked_porkchop":3,"minecraft:andesite":110,"minecraft:bucket":16,"minecraft:glass_pane":32,"minecraft:yellow_bed":1,"minecraft:pumpkin_pie":1},"minecraft:crafted":{"minecraft:furnace":2,"minecraft:stone":23,"travelersbackpack:pink_sleeping_bag":1,"minecraft:spruce_fence":48,"minecraft:pink_dye":4,"minecraft:glass_pane":32,"minecraft:glass":36,"minecraft:spruce_stairs":4,"minecraft:iron_boots":1,"minecraft:iron_axe":1,"minecraft:iron_hoe":1,"minecraft:stone_pickaxe":2,"minecraft:chest":6,"minecraft:wheat":9,"minecraft:cooked_beef":14,"minecraft:spruce_sign":6,"minecraft:crafting_table":2,"minecraft:spruce_planks":612,"travelersbackpack:backpack_tank":2,"travelersbackpack:standard":1,"minecraft:iron_helmet":1,"minecraft:iron_sword":1,"minecraft:spruce_door":6,"minecraft:spruce_trapdoor":60,"minecraft:iron_chestplate":1,"minecraft:pink_wool":2,"minecraft:stick":68,"minecraft:iron_ingot":59,"minecraft:iron_pickaxe":2,"minecraft:iron_leggings":1,"minecraft:spruce_fence_gate":1,"minecraft:torch":92},"minecraft:broken":{"minecraft:stone_pickaxe":1,"minecraft:stone_axe":1,"minecraft:stone_shovel":1},"minecraft:custom":{"minecraft:interact_with_smithing_table":1,"minecraft:mob_kills":49,"minecraft:animals_bred":6,"minecraft:interact_with_crafting_table":53,"minecraft:open_barrel":4,"minecraft:leave_game":3,"minecraft:time_since_death":225614,"minecraft:climb_one_cm":1865,"minecraft:sprint_one_cm":342576,"minecraft:walk_one_cm":906407,"minecraft:drop":16,"minecraft:talked_to_villager":5,"minecraft:target_hit":2,"minecraft:play_time":225614,"minecraft:sneak_time":11148,"minecraft:walk_under_water_one_cm":15010,"minecraft:jump":2363,"minecraft:walk_on_water_one_cm":16517,"minecraft:total_world_time":225614,"minecraft:interact_with_furnace":36,"minecraft:interact_with_grindstone":1,"minecraft:sleep_in_bed":16,"minecraft:time_since_rest":28358,"minecraft:damage_taken":577,"minecraft:damage_dealt":5720,"minecraft:swim_one_cm":61474,"minecraft:fly_one_cm":552516,"minecraft:open_chest":163,"minecraft:crouch_one_cm":34162,"minecraft:fall_one_cm":45210}},"DataVersion":3465}