{"stats":{"minecraft:dropped":{"skilltree:gem":1},"minecraft:picked_up":{"minecraft:crafting_table":2,"minecraft:raw_iron":45,"minecraft:cooked_porkchop":3,"minecraft:andesite":63,"minecraft:torch":4,"minecraft:spider_eye":1,"minecraft:string":4,"skilltree:gem":22,"minecraft:arrow":1,"minecraft:stone_sword":1,"minecraft:bone":4,"minecraft:rotten_flesh":1,"minecraft:cobbled_deepslate":36,"minecraft:spruce_planks":24,"minecraft:stone_pickaxe":1,"minecraft:oak_planks":10,"minecraft:coal":53,"minecraft:cobblestone":13,"minecraft:furnace":1},"minecraft:mined":{"minecraft:furnace":1,"minecraft:iron_ore":45,"minecraft:andesite":84,"minecraft:crafting_table":2,"iter_rpg:spider_egg":1,"minecraft:coal_ore":53,"minecraft:stone":13,"minecraft:oak_planks":9,"minecraft:deepslate":33,"minecraft:wall_torch":2},"minecraft:killed":{"minecraft:skeleton":1,"minecraft:zombie":1,"iter_rpg:spiderling":5},"minecraft:used":{"minecraft:stone_sword":5,"minecraft:stone_pickaxe":207,"minecraft:iron_pickaxe":24,"minecraft:iron_sword":12,"minecraft:rotten_flesh":1,"minecraft:stone_axe":12,"minecraft:torch":22,"minecraft:crafting_table":2,"minecraft:cooked_porkchop":1,"minecraft:furnace":1,"minecraft:andesite":11},"minecraft:crafted":{"minecraft:iron_chestplate":1,"minecraft:iron_boots":1,"minecraft:crafting_table":1,"minecraft:stick":12,"minecraft:iron_pickaxe":1,"minecraft:iron_ingot":44,"minecraft:iron_helmet":1,"minecraft:stone_pickaxe":1,"minecraft:iron_sword":1,"minecraft:iron_leggings":1,"minecraft:furnace":1,"minecraft:torch":28},"minecraft:custom":{"minecraft:time_since_rest":24481,"minecraft:interact_with_furnace":19,"minecraft:sprint_one_cm":6015,"minecraft:damage_taken":219,"minecraft:walk_one_cm":91394,"minecraft:mob_kills":7,"minecraft:drop":1,"minecraft:damage_dealt":789,"minecraft:interact_with_crafting_table":11,"minecraft:fly_one_cm":2845,"minecraft:open_barrel":1,"minecraft:crouch_one_cm":4588,"minecraft:play_time":24481,"minecraft:sneak_time":1563,"minecraft:walk_under_water_one_cm":1000,"minecraft:jump":161,"minecraft:time_since_death":24481,"minecraft:walk_on_water_one_cm":303,"minecraft:total_world_time":24481,"minecraft:fall_one_cm":209},"minecraft:broken":{"minecraft:stone_pickaxe":1}},"DataVersion":3465}