{"stats":{"minecraft:picked_up":{"minecraft:crafting_table":2,"minecraft:andesite":142,"minecraft:yellow_bed":1,"skilltree:gem":30,"minecraft:string":4,"minecraft:dirt":62,"minecraft:bone":4,"minecraft:wheat_seeds":1,"minecraft:cobbled_deepslate":95,"minecraft:raw_gold":3,"minecraft:spruce_planks":24,"minecraft:stone_pickaxe":1,"minecraft:oak_planks":10,"minecraft:egg":1,"minecraft:furnace":1,"minecraft:raw_iron":78,"minecraft:cooked_porkchop":3,"minecraft:torch":7,"minecraft:axolotl_bucket":1,"minecraft:gravel":1,"minecraft:spruce_log":8,"minecraft:spider_eye":1,"minecraft:stone_sword":1,"minecraft:arrow":2,"minecraft:rotten_flesh":1,"minecraft:coal":53,"minecraft:cobblestone":95},"minecraft:dropped":{"minecraft:gravel":1,"minecraft:wheat_seeds":1,"skilltree:gem":1,"minecraft:arrow":1,"minecraft:egg":1},"minecraft:mined":{"minecraft:crafting_table":2,"minecraft:grass_block":32,"minecraft:stone_slab":2,"minecraft:oak_planks":9,"minecraft:wall_torch":5,"minecraft:furnace":1,"minecraft:iron_ore":78,"minecraft:spruce_log":8,"minecraft:andesite":170,"minecraft:coal_ore":53,"iter_rpg:spider_egg":1,"minecraft:gravel":1,"minecraft:dirt":12,"minecraft:stone":92,"minecraft:gold_ore":3,"minecraft:deepslate":33},"minecraft:killed":{"iter_rpg:spiderling":5,"minecraft:skeleton":1,"minecraft:zombie":1},"minecraft:used":{"minecraft:stone_sword":5,"minecraft:spruce_door":2,"minecraft:stone_shovel":40,"minecraft:stone_pickaxe":207,"minecraft:iron_sword":12,"minecraft:spruce_sign":1,"minecraft:rotten_flesh":1,"minecraft:torch":70,"minecraft:crafting_table":3,"minecraft:axolotl_bucket":1,"minecraft:iron_pickaxe":235,"minecraft:stone_axe":20,"minecraft:furnace":2,"minecraft:cooked_porkchop":2,"minecraft:andesite":110,"minecraft:yellow_bed":1,"minecraft:cobbled_deepslate":95},"minecraft:crafted":{"minecraft:spruce_sign":3,"minecraft:crafting_table":1,"minecraft:spruce_planks":32,"minecraft:iron_helmet":1,"minecraft:iron_sword":1,"minecraft:spruce_door":3,"minecraft:furnace":1,"minecraft:iron_boots":1,"minecraft:iron_chestplate":1,"minecraft:stick":32,"minecraft:iron_ingot":59,"minecraft:iron_pickaxe":1,"minecraft:stone_pickaxe":1,"minecraft:chest":1,"minecraft:iron_leggings":1,"minecraft:torch":92},"minecraft:custom":{"minecraft:interact_with_furnace":23,"minecraft:mob_kills":7,"minecraft:interact_with_crafting_table":18,"minecraft:open_barrel":3,"minecraft:time_since_death":48481,"minecraft:sleep_in_bed":1,"minecraft:time_since_rest":2657,"minecraft:sprint_one_cm":31836,"minecraft:damage_taken":219,"minecraft:walk_one_cm":208973,"minecraft:drop":5,"minecraft:damage_dealt":789,"minecraft:fly_one_cm":53216,"minecraft:open_chest":2,"minecraft:crouch_one_cm":10562,"minecraft:play_time":48481,"minecraft:sneak_time":3212,"minecraft:walk_under_water_one_cm":1138,"minecraft:jump":475,"minecraft:walk_on_water_one_cm":2698,"minecraft:total_world_time":48481,"minecraft:fall_one_cm":5045},"minecraft:broken":{"minecraft:stone_pickaxe":1}},"DataVersion":3465}