{"stats":{"minecraft:dropped":{"minecraft:moss_block":1,"minecraft:crafting_table":1,"minecraft:decorated_pot":1,"minecraft:glow_berries":10,"minecraft:leather":5,"minecraft:red_carpet":1,"minecraft:dirt":21,"minecraft:dark_oak_wood":4,"minecraft:seagrass":3,"minecraft:gold_nugget":5,"minecraft:sand":1,"minecraft:axolotl_bucket":1,"minecraft:iron_pickaxe":2,"minecraft:dark_oak_planks":5,"minecraft:cyan_carpet":13,"minecraft:bone":222,"minecraft:note_block":1,"minecraft:stone_axe":1,"minecraft:cooked_chicken":4,"simplyswords:iron_katana":1,"minecraft:cobbled_deepslate":41,"minecraft:rotten_flesh":10,"minecraft:oak_planks":8,"simplyswords:diamond_twinblade":1,"minecraft:chainmail_chestplate":10,"iter_rpg:abyssquartz_shard":1,"minecraft:gunpowder":23,"minecraft:charcoal":1,"minecraft:chainmail_boots":13,"minecraft:wheat_seeds":1,"minecraft:tnt":1,"minecraft:diamond_leggings":1,"minecraft:prismarine_shard":3,"minecraft:feather":6,"minecraft:cobblestone":4,"minecraft:book":18,"minecraft:tropical_fish":70,"minecraft:spruce_stairs":1,"minecraft:golden_apple":1,"minecraft:chainmail_helmet":21,"simplyswords:gold_greataxe":1,"minecraft:coal":11,"minecraft:stick":24,"minecraft:torch":2,"minecraft:rose_bush":7,"minecraft:smooth_quartz":16,"skilltree:gem":14,"minecraft:iron_leggings":2,"minecraft:chainmail_leggings":15,"minecraft:string":82,"minecraft:trapped_chest":1,"minecraft:moss_carpet":1,"minecraft:coarse_dirt":1,"minecraft:stone_sword":1,"minecraft:cobblestone_wall":1,"minecraft:tuff":2,"minecraft:stone_shovel":1,"minecraft:clay_ball":85,"minecraft:iron_boots":2,"minecraft:stone_slab":6,"minecraft:damaged_anvil":1,"minecraft:spruce_fence":11,"minecraft:diamond_sword":1,"minecraft:stone":1,"minecraft:diamond_chestplate":1,"minecraft:spruce_trapdoor":1,"minecraft:iron_chestplate":2,"minecraft:andesite":7,"minecraft:oak_boat":1,"minecraft:oak_sapling":1,"minecraft:redstone_torch":6,"minecraft:spider_eye":46,"minecraft:bow":1,"minecraft:dark_prismarine":3},"minecraft:picked_up":{"minecraft:seagrass":3,"minecraft:iron_chestplate":1,"minecraft:redstone_block":32,"minecraft:anvil":1,"minecraft:prismarine_shard":3,"minecraft:smithing_table":4,"minecraft:stone_slab":4,"minecraft:diamond_sword":9,"minecraft:brewing_stand":1,"minecraft:string":121,"minecraft:iron_leggings":1,"minecraft:gold_nugget":5,"minecraft:cobbled_deepslate":72,"minecraft:spruce_planks":24,"minecraft:rose_bush":7,"minecraft:redstone_torch":6,"minecraft:azalea":1,"minecraft:iron_pickaxe":1,"minecraft:smooth_quartz":69,"minecraft:iron_boots":1,"minecraft:furnace":3,"minecraft:big_dripleaf":1,"minecraft:spruce_stairs":1,"minecraft:torch":9,"minecraft:porkchop":9,"minecraft:rotten_flesh":14,"minecraft:tropical_fish":76,"minecraft:cobblestone":184,"minecraft:enchanting_table":3,"minecraft:feather":6,"minecraft:cooked_beef":65,"minecraft:andesite":7,"artifacts:thorn_pendant":1,"minecraft:tuff":2,"minecraft:wither_skeleton_skull":5,"skilltree:gem":26,"minecraft:lapis_lazuli":173,"minecraft:dirt":32,"minecraft:bone":432,"minecraft:chipped_anvil":4,"minecraft:bow":1,"minecraft:wheat_seeds":1,"minecraft:raw_gold":14,"minecraft:birch_wood":14,"minecraft:grindstone":8,"minecraft:moss_block":1,"minecraft:oak_planks":5,"artifacts:rooted_boots":1,"minecraft:sand":25,"minecraft:dark_oak_log":8,"minecraft:trapped_chest":1,"minecraft:dark_prismarine":3,"minecraft:diamond":25,"minecraft:spruce_boat":3,"waystones:waystone":1,"iter_rpg:abyssquartz_shard":11,"travelersbackpack:nether":1,"minecraft:emerald":1,"minecraft:chainmail_helmet":1,"minecraft:oak_sapling":1,"minecraft:charcoal":2,"minecraft:crafting_table":2,"minecraft:coarse_dirt":1,"minecraft:ladder":1,"minecraft:clay_ball":85,"minecraft:redstone_lamp":32,"minecraft:moss_carpet":1,"minecraft:iron_axe":1,"artifacts:fire_gauntlet":1,"minecraft:cyan_carpet":14,"iter_rpg:coin":8,"minecraft:oak_boat":2,"minecraft:sugar_cane":15,"minecraft:spruce_trapdoor":2,"minecraft:raw_iron":60,"minecraft:stone":1,"minecraft:spruce_fence":13,"minecraft:note_block":1,"minecraft:dark_oak_planks":12,"minecraft:tnt":1,"minecraft:arrow":100,"minecraft:decorated_pot":1,"minecraft:mutton":2,"minecraft:glow_berries":22,"minecraft:white_wool":4,"minecraft:leather":40,"minecraft:oak_log":18,"minecraft:chainmail_chestplate":1,"minecraft:cobblestone_wall":1,"minecraft:yellow_bed":1,"minecraft:gunpowder":16,"minecraft:cooked_mutton":6,"minecraft:red_carpet":1,"minecraft:spruce_wood":12,"minecraft:cooked_chicken":5,"minecraft:book":166,"minecraft:blast_furnace":5,"minecraft:spider_eye":46,"minecraft:oak_wood":17,"minecraft:chainmail_leggings":1,"minecraft:damaged_anvil":6,"minecraft:dark_oak_wood":37,"minecraft:coal":268},"minecraft:mined":{"minecraft:dark_oak_planks":13,"minecraft:spruce_planks":16,"minecraft:cave_vines_plant":5,"minecraft:granite":1,"minecraft:grass_block":9,"minecraft:spawner":72,"minecraft:iron_ore":40,"minecraft:cobbled_deepslate":4,"minecraft:deepslate_lapis_ore":27,"minecraft:anvil":1,"minecraft:enchanting_table":3,"minecraft:cave_vines":12,"minecraft:small_amethyst_bud":1,"minecraft:spruce_wood":12,"minecraft:azalea":1,"minecraft:clay":5,"minecraft:torch":3,"minecraft:note_block":1,"minecraft:dark_oak_wood":37,"minecraft:blast_furnace":5,"minecraft:birch_wood":14,"minecraft:grindstone":8,"minecraft:sugar_cane":7,"minecraft:damaged_anvil":5,"minecraft:tnt":1,"minecraft:grass":7,"minecraft:oak_log":18,"minecraft:dirt":25,"minecraft:sand":24,"minecraft:smooth_quartz":67,"minecraft:red_mushroom_block":1,"minecraft:oak_leaves":13,"minecraft:deepslate":38,"minecraft:redstone_lamp":34,"minecraft:dark_prismarine":3,"minecraft:red_carpet":1,"minecraft:tuff":1,"minecraft:dark_oak_leaves":1,"minecraft:deepslate_diamond_ore":25,"minecraft:dark_oak_log":8,"minecraft:spruce_fence":13,"minecraft:decorated_pot":1,"iter_rpg:big_vase":3,"minecraft:moss_block":3,"minecraft:furnace":3,"iter_rpg:small_vase":2,"minecraft:andesite":7,"minecraft:bookshelf":55,"minecraft:deepslate_iron_ore":20,"minecraft:stone":131,"minecraft:smithing_table":4,"minecraft:redstone_block":32,"minecraft:crafting_table":2,"minecraft:oak_wood":21,"iter_rpg:vase":3,"minecraft:rose_bush":5,"minecraft:campfire":1,"minecraft:tall_grass":4,"minecraft:copper_ore":1,"minecraft:lapis_ore":1,"minecraft:deepslate_gold_ore":9,"minecraft:big_dripleaf":1,"minecraft:spruce_stairs":1,"minecraft:coarse_dirt":1,"iter_rpg:abyss_quartz":7,"minecraft:birch_leaves":7,"minecraft:yellow_bed":1,"iter_rpg:spider_egg":2,"minecraft:coal_ore":57,"minecraft:cyan_carpet":7,"minecraft:cobweb":5,"minecraft:chipped_anvil":4},"minecraft:killed":{"minecraft:cave_spider":39,"creeperoverhaul:beach_creeper":3,"minecraft:spider":53,"minecraft:skeleton":64,"friendsandfoes:glare":3,"minecraft:chicken":5,"artifacts:mimic":3,"minecraft:pig":4,"iter_rpg:spiderling":6,"minecraft:creeper":6,"minecraft:sheep":1,"minecraft:donkey":3,"minecraft:zombie":17,"minecraft:cow":25,"minecraft:drowned":1,"minecraft:wither_skeleton":154},"minecraft:used":{"minecraft:smooth_quartz_slab":37,"travelersbackpack:lapis":1,"minecraft:ladder":1,"minecraft:iron_chestplate":1,"simplyswords:diamond_twinblade":1242,"minecraft:mutton":2,"minecraft:axolotl_bucket":8,"minecraft:big_dripleaf":1,"minecraft:spruce_boat":3,"minecraft:honey_block":2,"minecraft:quartz_pillar":23,"minecraft:spruce_wood":1,"minecraft:dark_oak_leaves":8,"minecraft:redstone_lamp":6,"minecraft:bow":1,"minecraft:furnace":4,"minecraft:damaged_anvil":4,"minecraft:diamond_boots":1,"minecraft:stone_pickaxe":131,"minecraft:oak_planks":14,"minecraft:redstone_block":3,"minecraft:smooth_quartz_stairs":44,"minecraft:golden_apple":4,"minecraft:glow_berries":5,"minecraft:blast_furnace":4,"minecraft:bread":2,"minecraft:diamond_sword":858,"minecraft:grindstone":8,"minecraft:smithing_table":4,"minecraft:oak_boat":1,"minecraft:experience_bottle":133,"minecraft:azalea":1,"minecraft:enchanting_table":1,"minecraft:stone_sword":13,"minecraft:tropical_fish":6,"minecraft:stone_shovel":20,"minecraft:spruce_planks":22,"minecraft:cooked_chicken":1,"minecraft:torch":255,"minecraft:dirt":10,"simplyswords:iron_katana":167,"minecraft:diamond_helmet":1,"minecraft:spruce_fence":2,"minecraft:dark_oak_planks":32,"minecraft:chipped_anvil":3,"minecraft:bookshelf":11,"minecraft:iron_axe":195,"minecraft:smooth_quartz":53,"minecraft:diamond_chestplate":1,"minecraft:golden_carrot":42,"minecraft:cooked_beef":21,"minecraft:cobbled_deepslate":31,"minecraft:enchanted_golden_apple":1,"minecraft:water_bucket":7,"minecraft:birch_planks":2,"minecraft:salmon":16,"minecraft:crafting_table":12,"minecraft:cake":1,"minecraft:diamond_pickaxe":97,"minecraft:iron_pickaxe":412,"minecraft:stone_slab":3,"minecraft:stone_axe":43,"minecraft:cobblestone":144,"minecraft:cooked_porkchop":10,"minecraft:bucket":18,"minecraft:yellow_bed":1,"minecraft:diamond_leggings":2},"minecraft:crafted":{"minecraft:grindstone":1,"minecraft:oak_planks":132,"simplyswords:iron_katana":2,"hangglider:hang_glider":1,"minecraft:stone":3,"minecraft:bookshelf":28,"minecraft:glass":24,"minecraft:diamond_helmet":1,"minecraft:diamond_leggings":1,"minecraft:bow":1,"minecraft:iron_boots":1,"minecraft:chest":2,"travelersbackpack:iron_tier_upgrade":1,"minecraft:cooked_porkchop":9,"minecraft:crafting_table":11,"travelersbackpack:lapis":2,"minecraft:spruce_planks":44,"minecraft:iron_helmet":1,"travelersbackpack:standard":1,"minecraft:smithing_table":1,"minecraft:birch_planks":56,"minecraft:iron_chestplate":2,"minecraft:shield":1,"minecraft:stick":112,"minecraft:stone_slab":6,"minecraft:iron_ingot":60,"minecraft:iron_pickaxe":2,"minecraft:gold_ingot":11,"hangglider:glider_framework":1,"minecraft:furnace":2,"simplyswords:diamond_twinblade":2,"hangglider:glider_wing":2,"travelersbackpack:blank_upgrade":4,"travelersbackpack:gold_tier_upgrade":1,"travelersbackpack:white_sleeping_bag":1,"minecraft:diamond_boots":1,"minecraft:spruce_boat":1,"minecraft:dark_oak_planks":164,"travelersbackpack:diamond_tier_upgrade":1,"minecraft:diamond_sword":1,"travelersbackpack:backpack_tank":4,"minecraft:bucket":2,"minecraft:air":0,"minecraft:oak_boat":1,"minecraft:iron_leggings":1,"minecraft:torch":272,"minecraft:lapis_block":4,"minecraft:diamond_chestplate":1},"minecraft:broken":{"minecraft:stone_pickaxe":1,"minecraft:diamond_sword":1,"minecraft:iron_helmet":1},"minecraft:custom":{"minecraft:animals_bred":4,"minecraft:interact_with_crafting_table":44,"minecraft:open_barrel":8,"minecraft:leave_game":2,"minecraft:time_since_death":263408,"minecraft:damage_resisted":168,"minecraft:sprint_one_cm":566549,"minecraft:drop":234,"minecraft:play_noteblock":1,"minecraft:play_time":263408,"minecraft:jump":5044,"minecraft:walk_on_water_one_cm":21574,"minecraft:enchant_item":2,"minecraft:interact_with_furnace":44,"minecraft:sleep_in_bed":1,"minecraft:damage_dealt":117840,"minecraft:crouch_one_cm":43537,"minecraft:interact_with_smithing_table":14,"minecraft:mob_kills":415,"minecraft:interact_with_anvil":17,"minecraft:damage_dealt_resisted":31527,"minecraft:climb_one_cm":5156,"minecraft:walk_one_cm":707295,"minecraft:sneak_time":13907,"minecraft:walk_under_water_one_cm":16040,"minecraft:boat_one_cm":155995,"minecraft:interact_with_blast_furnace":30,"minecraft:total_world_time":263408,"minecraft:tune_noteblock":1,"minecraft:interact_with_grindstone":14,"minecraft:time_since_rest":164790,"minecraft:damage_taken":7456,"minecraft:damage_absorbed":321,"minecraft:trigger_trapped_chest":1,"minecraft:swim_one_cm":32117,"minecraft:fly_one_cm":1097662,"minecraft:open_chest":84,"minecraft:fall_one_cm":141821}},"DataVersion":3465}