{"stats":{"minecraft:used":{"minecraft:quartz_block":9,"minecraft:smooth_quartz_stairs":34,"minecraft:redstone_lamp":1,"minecraft:redstone_block":1,"minecraft:quartz_pillar":19,"minecraft:quartz_slab":11},"minecraft:killed":{"minecraft:skeleton":1},"minecraft:custom":{"minecraft:jump":109,"minecraft:time_since_rest":17314,"minecraft:damage_dealt":200,"minecraft:crouch_one_cm":1020,"minecraft:leave_game":2,"minecraft:play_time":17314,"minecraft:sprint_one_cm":2542,"minecraft:time_since_death":17314,"minecraft:walk_one_cm":19377,"minecraft:sneak_time":342,"minecraft:total_world_time":17314,"minecraft:mob_kills":1,"minecraft:fly_one_cm":71383}},"DataVersion":3465}