{"stats":{"minecraft:dropped":{"minecraft:golden_apple":1},"minecraft:used":{"minecraft:smooth_quartz_stairs":44,"minecraft:honey_block":2,"minecraft:dark_oak_leaves":8,"minecraft:redstone_lamp":6,"minecraft:redstone_block":3,"minecraft:quartz_pillar":23,"minecraft:smooth_quartz_slab":37},"minecraft:custom":{"minecraft:jump":87,"minecraft:time_since_rest":35275,"minecraft:damage_dealt":87,"minecraft:crouch_one_cm":1701,"minecraft:sprint_one_cm":2791,"minecraft:play_time":35275,"minecraft:time_since_death":35275,"minecraft:walk_one_cm":39013,"minecraft:sneak_time":452,"minecraft:total_world_time":35275,"minecraft:drop":1,"minecraft:fly_one_cm":14433}},"DataVersion":3465}