{"stats":{"minecraft:dropped":{"minecraft:cobblestone_wall":1,"minecraft:stone_sword":1,"minecraft:cobbled_deepslate":2,"minecraft:tuff":2,"minecraft:stone_shovel":1,"minecraft:rotten_flesh":2,"minecraft:stone_slab":1,"minecraft:tropical_fish":70,"minecraft:golden_apple":1,"iter_rpg:abyssquartz_shard":1,"minecraft:dirt":19,"minecraft:andesite":7,"minecraft:oak_sapling":1,"minecraft:spider_eye":1,"minecraft:string":4},"minecraft:picked_up":{"minecraft:charcoal":2,"minecraft:coarse_dirt":1,"minecraft:crafting_table":1,"minecraft:andesite":7,"minecraft:smithing_table":2,"minecraft:stone_slab":1,"artifacts:thorn_pendant":1,"minecraft:tuff":2,"minecraft:oak_log":16,"minecraft:yellow_bed":1,"minecraft:cobblestone_wall":1,"minecraft:lapis_lazuli":29,"skilltree:gem":18,"minecraft:dirt":20,"minecraft:string":4,"minecraft:moss_carpet":1,"minecraft:bone":8,"artifacts:fire_gauntlet":1,"minecraft:wheat_seeds":1,"minecraft:gold_nugget":1,"minecraft:cobbled_deepslate":18,"minecraft:moss_block":1,"minecraft:furnace":1,"minecraft:raw_iron":32,"minecraft:torch":2,"minecraft:porkchop":9,"minecraft:blast_furnace":2,"minecraft:dark_oak_log":8,"minecraft:spider_eye":1,"minecraft:tnt":1,"minecraft:rotten_flesh":2,"minecraft:diamond":7,"minecraft:tropical_fish":76,"iter_rpg:abyssquartz_shard":11,"minecraft:oak_sapling":1,"minecraft:glow_berries":2,"minecraft:coal":83,"minecraft:cobblestone":105},"minecraft:mined":{"minecraft:smithing_table":2,"minecraft:tuff":1,"minecraft:deepslate_diamond_ore":8,"minecraft:dark_oak_leaves":1,"minecraft:dark_oak_log":8,"minecraft:crafting_table":1,"minecraft:torch":1,"minecraft:blast_furnace":2,"minecraft:grass_block":1,"iter_rpg:vase":1,"minecraft:campfire":1,"minecraft:tall_grass":2,"iter_rpg:big_vase":1,"minecraft:moss_block":1,"minecraft:spawner":1,"minecraft:coarse_dirt":1,"minecraft:furnace":1,"minecraft:iron_ore":21,"iter_rpg:abyss_quartz":7,"minecraft:andesite":7,"minecraft:deepslate_lapis_ore":4,"minecraft:tnt":1,"minecraft:yellow_bed":1,"minecraft:coal_ore":54,"minecraft:oak_log":18,"minecraft:deepslate_iron_ore":11,"minecraft:dirt":19,"minecraft:cobweb":1,"minecraft:red_mushroom_block":1,"minecraft:stone":61,"minecraft:oak_leaves":11,"minecraft:deepslate":18},"minecraft:killed":{"minecraft:cave_spider":1,"minecraft:pig":4,"minecraft:skeleton":2,"friendsandfoes:glare":1,"minecraft:zombie":3,"artifacts:mimic":2},"minecraft:used":{"minecraft:stone_sword":13,"minecraft:smooth_quartz_slab":37,"minecraft:tropical_fish":6,"minecraft:stone_shovel":20,"minecraft:stone_pickaxe":131,"minecraft:redstone_block":3,"minecraft:iron_chestplate":1,"minecraft:smooth_quartz_stairs":44,"minecraft:salmon":13,"minecraft:torch":44,"minecraft:glow_berries":4,"minecraft:dirt":1,"minecraft:crafting_table":6,"simplyswords:iron_katana":44,"minecraft:blast_furnace":1,"minecraft:honey_block":2,"minecraft:quartz_pillar":23,"minecraft:iron_pickaxe":69,"minecraft:dark_oak_leaves":8,"minecraft:stone_axe":43,"minecraft:redstone_lamp":6,"minecraft:cobblestone":77,"minecraft:smithing_table":1,"minecraft:furnace":2,"minecraft:cooked_porkchop":5,"minecraft:cobbled_deepslate":9},"minecraft:crafted":{"minecraft:oak_planks":24,"minecraft:cooked_porkchop":9,"minecraft:crafting_table":5,"simplyswords:iron_katana":2,"minecraft:iron_helmet":1,"minecraft:smithing_table":1,"minecraft:furnace":1,"minecraft:air":0,"minecraft:iron_boots":1,"minecraft:iron_chestplate":2,"minecraft:shield":1,"minecraft:stick":48,"minecraft:iron_ingot":32,"minecraft:iron_pickaxe":2,"minecraft:iron_leggings":1,"minecraft:dark_oak_planks":32,"minecraft:torch":48},"minecraft:custom":{"minecraft:interact_with_smithing_table":5,"minecraft:interact_with_furnace":27,"minecraft:mob_kills":13,"minecraft:interact_with_crafting_table":22,"minecraft:open_barrel":3,"minecraft:time_since_death":77275,"minecraft:time_since_rest":77275,"minecraft:sprint_one_cm":71811,"minecraft:damage_taken":563,"minecraft:walk_one_cm":170909,"minecraft:drop":20,"minecraft:damage_dealt":3006,"minecraft:swim_one_cm":1944,"minecraft:fly_one_cm":125227,"minecraft:open_chest":1,"minecraft:crouch_one_cm":21217,"minecraft:play_time":77275,"minecraft:sneak_time":6407,"minecraft:walk_under_water_one_cm":7646,"minecraft:jump":839,"minecraft:interact_with_blast_furnace":12,"minecraft:walk_on_water_one_cm":6331,"minecraft:total_world_time":77275,"minecraft:fall_one_cm":17673},"minecraft:broken":{"minecraft:stone_pickaxe":1}},"DataVersion":3465}