{"stats":{"minecraft:used":{"minecraft:smooth_quartz_stairs":44,"minecraft:honey_block":2,"minecraft:redstone_lamp":6,"minecraft:redstone_block":3,"minecraft:quartz_pillar":21,"minecraft:smooth_quartz_slab":37},"minecraft:custom":{"minecraft:jump":31,"minecraft:time_since_rest":23275,"minecraft:crouch_one_cm":361,"minecraft:sprint_one_cm":951,"minecraft:play_time":23275,"minecraft:time_since_death":23275,"minecraft:walk_one_cm":14572,"minecraft:sneak_time":180,"minecraft:total_world_time":23275,"minecraft:fly_one_cm":8829}},"DataVersion":3465}