{"stats":{"minecraft:dropped":{"minecraft:moss_carpet":1,"minecraft:moss_block":1,"minecraft:coarse_dirt":1,"minecraft:wheat_seeds":1,"minecraft:cobblestone_wall":1,"minecraft:stone_sword":1,"minecraft:cobbled_deepslate":2,"minecraft:tuff":2,"minecraft:stone_shovel":1,"minecraft:clay_ball":8,"minecraft:rotten_flesh":7,"minecraft:stone_slab":1,"minecraft:tropical_fish":70,"minecraft:golden_apple":1,"iter_rpg:abyssquartz_shard":1,"minecraft:dirt":19,"minecraft:andesite":7,"minecraft:oak_sapling":1,"minecraft:spider_eye":1,"minecraft:string":4},"minecraft:picked_up":{"minecraft:charcoal":2,"minecraft:coarse_dirt":1,"minecraft:crafting_table":1,"minecraft:clay_ball":8,"minecraft:andesite":7,"minecraft:smithing_table":2,"minecraft:stone_slab":1,"artifacts:thorn_pendant":1,"minecraft:tuff":2,"minecraft:oak_log":16,"minecraft:yellow_bed":1,"minecraft:cobblestone_wall":1,"minecraft:lapis_lazuli":122,"skilltree:gem":22,"minecraft:dirt":20,"minecraft:string":4,"minecraft:moss_carpet":1,"minecraft:bone":10,"artifacts:fire_gauntlet":1,"minecraft:wheat_seeds":1,"minecraft:gold_nugget":1,"minecraft:cobbled_deepslate":36,"minecraft:azalea":1,"minecraft:moss_block":1,"minecraft:furnace":1,"minecraft:raw_iron":38,"minecraft:big_dripleaf":1,"minecraft:torch":2,"minecraft:porkchop":9,"minecraft:blast_furnace":3,"minecraft:dark_oak_log":8,"minecraft:spider_eye":2,"minecraft:tnt":1,"minecraft:arrow":1,"minecraft:rotten_flesh":7,"minecraft:diamond":23,"minecraft:tropical_fish":76,"iter_rpg:abyssquartz_shard":11,"minecraft:oak_sapling":1,"minecraft:glow_berries":8,"minecraft:coal":83,"minecraft:cobblestone":110},"minecraft:mined":{"minecraft:smithing_table":2,"minecraft:tuff":1,"minecraft:deepslate_diamond_ore":24,"minecraft:dark_oak_leaves":1,"minecraft:dark_oak_log":8,"minecraft:cave_vines_plant":5,"minecraft:clay":2,"minecraft:crafting_table":1,"minecraft:torch":1,"minecraft:blast_furnace":3,"minecraft:grass_block":1,"iter_rpg:vase":1,"minecraft:campfire":1,"minecraft:tall_grass":2,"iter_rpg:big_vase":1,"minecraft:lapis_ore":1,"minecraft:moss_block":1,"minecraft:big_dripleaf":1,"minecraft:spawner":1,"minecraft:coarse_dirt":1,"minecraft:furnace":1,"minecraft:iron_ore":21,"iter_rpg:abyss_quartz":7,"minecraft:andesite":7,"minecraft:deepslate_lapis_ore":19,"minecraft:tnt":1,"minecraft:yellow_bed":1,"minecraft:grass":2,"iter_rpg:spider_egg":1,"minecraft:coal_ore":54,"minecraft:oak_log":18,"minecraft:cave_vines":10,"minecraft:deepslate_iron_ore":17,"minecraft:dirt":19,"minecraft:cobweb":1,"minecraft:azalea":1,"minecraft:red_mushroom_block":1,"minecraft:stone":62,"minecraft:oak_leaves":11,"minecraft:deepslate":36},"minecraft:killed":{"minecraft:cave_spider":1,"minecraft:pig":4,"minecraft:spider":1,"iter_rpg:spiderling":2,"minecraft:skeleton":3,"friendsandfoes:glare":1,"minecraft:zombie":10,"artifacts:mimic":2},"minecraft:used":{"minecraft:azalea":1,"minecraft:oak_planks":14,"minecraft:stone_sword":13,"minecraft:smooth_quartz_slab":37,"minecraft:tropical_fish":6,"minecraft:stone_shovel":20,"minecraft:stone_pickaxe":131,"minecraft:redstone_block":3,"minecraft:iron_chestplate":1,"minecraft:smooth_quartz_stairs":44,"minecraft:salmon":16,"minecraft:torch":69,"minecraft:glow_berries":4,"minecraft:dirt":1,"minecraft:crafting_table":8,"simplyswords:iron_katana":76,"minecraft:blast_furnace":2,"minecraft:axolotl_bucket":1,"minecraft:big_dripleaf":1,"minecraft:honey_block":2,"minecraft:quartz_pillar":23,"minecraft:iron_pickaxe":135,"minecraft:dark_oak_leaves":8,"minecraft:stone_axe":43,"minecraft:redstone_lamp":6,"minecraft:cobblestone":85,"minecraft:smithing_table":1,"minecraft:furnace":2,"minecraft:cooked_porkchop":9,"minecraft:bucket":3,"minecraft:cobbled_deepslate":31},"minecraft:crafted":{"minecraft:oak_planks":64,"minecraft:cooked_porkchop":9,"minecraft:crafting_table":7,"simplyswords:iron_katana":2,"minecraft:iron_helmet":1,"minecraft:smithing_table":1,"minecraft:furnace":1,"minecraft:bucket":2,"minecraft:air":0,"minecraft:iron_boots":1,"minecraft:iron_chestplate":2,"minecraft:shield":1,"minecraft:stick":48,"minecraft:iron_ingot":38,"minecraft:iron_pickaxe":2,"minecraft:iron_leggings":1,"minecraft:dark_oak_planks":32,"minecraft:torch":112},"minecraft:custom":{"minecraft:interact_with_smithing_table":5,"minecraft:interact_with_furnace":27,"minecraft:mob_kills":25,"minecraft:interact_with_crafting_table":24,"minecraft:open_barrel":3,"minecraft:time_since_death":89275,"minecraft:time_since_rest":89275,"minecraft:sprint_one_cm":109873,"minecraft:damage_taken":824,"minecraft:walk_one_cm":203395,"minecraft:drop":26,"minecraft:damage_dealt":4600,"minecraft:swim_one_cm":1944,"minecraft:fly_one_cm":185118,"minecraft:open_chest":1,"minecraft:crouch_one_cm":26042,"minecraft:play_time":89275,"minecraft:sneak_time":7910,"minecraft:walk_under_water_one_cm":10390,"minecraft:jump":1214,"minecraft:interact_with_blast_furnace":19,"minecraft:walk_on_water_one_cm":9626,"minecraft:total_world_time":89275,"minecraft:fall_one_cm":27292},"minecraft:broken":{"minecraft:stone_pickaxe":1}},"DataVersion":3465}