{"stats":{"minecraft:dropped":{"minecraft:stone_sword":1,"minecraft:tuff":2,"minecraft:stone_shovel":1,"minecraft:rotten_flesh":2,"minecraft:stone_slab":1,"minecraft:golden_apple":1,"iter_rpg:abyssquartz_shard":1,"minecraft:oak_sapling":1,"minecraft:spider_eye":1,"minecraft:string":4},"minecraft:picked_up":{"minecraft:charcoal":2,"minecraft:coarse_dirt":1,"minecraft:crafting_table":1,"minecraft:andesite":7,"minecraft:stone_slab":1,"artifacts:thorn_pendant":1,"minecraft:tuff":2,"minecraft:oak_log":16,"minecraft:yellow_bed":1,"minecraft:cobblestone_wall":1,"skilltree:gem":16,"minecraft:dirt":20,"minecraft:string":4,"minecraft:bone":8,"minecraft:gold_nugget":1,"minecraft:cobbled_deepslate":2,"minecraft:furnace":1,"minecraft:raw_iron":32,"minecraft:torch":1,"minecraft:porkchop":9,"minecraft:blast_furnace":1,"minecraft:dark_oak_log":8,"minecraft:spider_eye":1,"minecraft:rotten_flesh":2,"minecraft:diamond":2,"iter_rpg:abyssquartz_shard":6,"minecraft:oak_sapling":1,"minecraft:glow_berries":2,"minecraft:coal":51,"minecraft:cobblestone":105},"minecraft:mined":{"minecraft:tuff":1,"minecraft:deepslate_diamond_ore":3,"minecraft:dark_oak_leaves":1,"minecraft:dark_oak_log":8,"minecraft:crafting_table":1,"minecraft:torch":1,"minecraft:blast_furnace":1,"minecraft:grass_block":1,"iter_rpg:vase":1,"minecraft:campfire":1,"iter_rpg:big_vase":1,"minecraft:spawner":1,"minecraft:coarse_dirt":1,"minecraft:furnace":1,"minecraft:iron_ore":21,"iter_rpg:abyss_quartz":4,"minecraft:andesite":7,"minecraft:yellow_bed":1,"minecraft:coal_ore":54,"minecraft:oak_log":18,"minecraft:deepslate_iron_ore":11,"minecraft:dirt":19,"minecraft:cobweb":1,"minecraft:red_mushroom_block":1,"minecraft:stone":61,"minecraft:oak_leaves":11,"minecraft:deepslate":2},"minecraft:killed":{"minecraft:cave_spider":1,"minecraft:pig":4,"minecraft:skeleton":2,"friendsandfoes:glare":1,"minecraft:zombie":2,"artifacts:mimic":1},"minecraft:used":{"minecraft:stone_sword":13,"minecraft:smooth_quartz_slab":37,"minecraft:stone_shovel":20,"minecraft:stone_pickaxe":131,"minecraft:redstone_block":3,"minecraft:iron_chestplate":1,"minecraft:smooth_quartz_stairs":44,"minecraft:torch":29,"minecraft:glow_berries":4,"minecraft:dirt":1,"minecraft:crafting_table":6,"simplyswords:iron_katana":31,"minecraft:blast_furnace":1,"minecraft:honey_block":2,"minecraft:quartz_pillar":23,"minecraft:iron_pickaxe":36,"minecraft:dark_oak_leaves":8,"minecraft:stone_axe":41,"minecraft:redstone_lamp":6,"minecraft:cobblestone":17,"minecraft:furnace":2,"minecraft:cooked_porkchop":5},"minecraft:crafted":{"minecraft:oak_planks":20,"minecraft:cooked_porkchop":9,"minecraft:crafting_table":5,"simplyswords:iron_katana":1,"minecraft:furnace":1,"minecraft:air":0,"minecraft:iron_chestplate":1,"minecraft:shield":1,"minecraft:stick":48,"minecraft:iron_ingot":14,"minecraft:iron_pickaxe":1,"minecraft:dark_oak_planks":32,"minecraft:torch":48},"minecraft:custom":{"minecraft:interact_with_furnace":26,"minecraft:mob_kills":11,"minecraft:interact_with_crafting_table":18,"minecraft:open_barrel":1,"minecraft:time_since_death":65275,"minecraft:time_since_rest":65275,"minecraft:sprint_one_cm":49130,"minecraft:damage_taken":405,"minecraft:walk_one_cm":145949,"minecraft:drop":14,"minecraft:damage_dealt":2209,"minecraft:swim_one_cm":1944,"minecraft:fly_one_cm":94404,"minecraft:open_chest":1,"minecraft:crouch_one_cm":16251,"minecraft:play_time":65275,"minecraft:sneak_time":5114,"minecraft:walk_under_water_one_cm":2216,"minecraft:jump":606,"minecraft:interact_with_blast_furnace":5,"minecraft:walk_on_water_one_cm":3204,"minecraft:total_world_time":65275,"minecraft:fall_one_cm":12207},"minecraft:broken":{"minecraft:stone_pickaxe":1}},"DataVersion":3465}