{"stats":{"minecraft:dropped":{"minecraft:rotten_flesh":2,"minecraft:golden_apple":1},"minecraft:picked_up":{"minecraft:crafting_table":1,"minecraft:raw_iron":6,"minecraft:coarse_dirt":1,"minecraft:torch":1,"minecraft:stone_slab":1,"minecraft:porkchop":9,"minecraft:oak_log":16,"minecraft:dark_oak_log":8,"skilltree:gem":12,"minecraft:dirt":20,"minecraft:rotten_flesh":2,"minecraft:oak_sapling":1,"minecraft:coal":51,"minecraft:cobblestone":105,"minecraft:furnace":1},"minecraft:mined":{"minecraft:coarse_dirt":1,"minecraft:furnace":1,"minecraft:dark_oak_leaves":1,"minecraft:iron_ore":6,"minecraft:dark_oak_log":8,"minecraft:crafting_table":1,"minecraft:torch":1,"minecraft:oak_log":18,"minecraft:grass_block":1,"minecraft:coal_ore":54,"minecraft:dirt":19,"minecraft:red_mushroom_block":1,"minecraft:stone":61,"minecraft:oak_leaves":11},"minecraft:killed":{"minecraft:pig":4},"minecraft:used":{"minecraft:honey_block":2,"minecraft:stone_sword":13,"minecraft:quartz_pillar":23,"minecraft:smooth_quartz_slab":37,"minecraft:stone_pickaxe":122,"minecraft:stone_shovel":20,"minecraft:dark_oak_leaves":8,"minecraft:redstone_block":3,"minecraft:torch":11,"minecraft:stone_axe":39,"minecraft:smooth_quartz_stairs":44,"minecraft:redstone_lamp":6,"minecraft:dirt":1,"minecraft:cobblestone":5,"minecraft:crafting_table":2,"minecraft:furnace":1,"minecraft:cooked_porkchop":1},"minecraft:crafted":{"minecraft:cooked_porkchop":9,"minecraft:crafting_table":2,"minecraft:stick":48,"minecraft:furnace":1,"minecraft:dark_oak_planks":32,"minecraft:torch":48,"minecraft:air":0},"minecraft:custom":{"minecraft:time_since_rest":53275,"minecraft:interact_with_furnace":13,"minecraft:sprint_one_cm":31954,"minecraft:damage_taken":60,"minecraft:walk_one_cm":90188,"minecraft:mob_kills":4,"minecraft:drop":3,"minecraft:damage_dealt":599,"minecraft:swim_one_cm":1425,"minecraft:interact_with_crafting_table":7,"minecraft:fly_one_cm":73426,"minecraft:crouch_one_cm":13408,"minecraft:play_time":53275,"minecraft:sneak_time":4345,"minecraft:walk_under_water_one_cm":431,"minecraft:jump":457,"minecraft:walk_on_water_one_cm":217,"minecraft:time_since_death":53275,"minecraft:total_world_time":53275,"minecraft:fall_one_cm":8158}},"DataVersion":3465}