{"stats":{"minecraft:dropped":{"minecraft:moss_block":1,"minecraft:wheat_seeds":1,"minecraft:tropical_fish":70,"minecraft:golden_apple":1,"minecraft:dirt":21,"minecraft:iron_leggings":2,"minecraft:gold_nugget":1,"minecraft:axolotl_bucket":1,"minecraft:string":8,"minecraft:moss_carpet":1,"minecraft:cobbled_deepslate":5,"minecraft:coarse_dirt":1,"minecraft:stone_sword":1,"minecraft:cobblestone_wall":1,"minecraft:tuff":2,"minecraft:stone_shovel":1,"minecraft:rotten_flesh":7,"minecraft:iron_boots":2,"minecraft:clay_ball":8,"minecraft:stone_slab":1,"iter_rpg:abyssquartz_shard":1,"minecraft:iron_chestplate":2,"minecraft:andesite":7,"minecraft:oak_sapling":1,"minecraft:spider_eye":1},"minecraft:picked_up":{"minecraft:iron_chestplate":1,"minecraft:charcoal":2,"minecraft:crafting_table":1,"minecraft:coarse_dirt":1,"minecraft:clay_ball":8,"minecraft:smithing_table":2,"minecraft:stone_slab":4,"minecraft:brewing_stand":1,"minecraft:string":8,"minecraft:moss_carpet":1,"minecraft:iron_leggings":1,"artifacts:fire_gauntlet":1,"minecraft:gold_nugget":1,"minecraft:cobbled_deepslate":36,"minecraft:azalea":1,"minecraft:iron_boots":1,"minecraft:furnace":1,"minecraft:raw_iron":38,"minecraft:big_dripleaf":1,"minecraft:torch":2,"minecraft:porkchop":9,"minecraft:tnt":1,"minecraft:arrow":2,"minecraft:rotten_flesh":7,"minecraft:tropical_fish":76,"minecraft:glow_berries":8,"minecraft:mutton":2,"minecraft:cobblestone":150,"minecraft:andesite":7,"artifacts:thorn_pendant":1,"minecraft:tuff":2,"minecraft:oak_log":16,"minecraft:yellow_bed":1,"minecraft:cobblestone_wall":1,"minecraft:dirt":31,"skilltree:gem":22,"minecraft:lapis_lazuli":122,"minecraft:bone":11,"minecraft:wheat_seeds":1,"minecraft:moss_block":1,"minecraft:blast_furnace":3,"minecraft:dark_oak_log":8,"minecraft:spider_eye":5,"minecraft:diamond":23,"iter_rpg:abyssquartz_shard":11,"minecraft:oak_sapling":1,"minecraft:coal":86},"minecraft:mined":{"minecraft:tuff":1,"minecraft:dark_oak_leaves":1,"minecraft:deepslate_diamond_ore":24,"minecraft:dark_oak_log":8,"minecraft:cave_vines_plant":5,"minecraft:grass_block":9,"iter_rpg:big_vase":1,"minecraft:moss_block":1,"minecraft:spawner":1,"minecraft:furnace":1,"minecraft:iron_ore":21,"minecraft:cobbled_deepslate":4,"minecraft:andesite":7,"minecraft:deepslate_lapis_ore":19,"minecraft:cave_vines":10,"minecraft:deepslate_iron_ore":17,"minecraft:azalea":1,"minecraft:stone":102,"minecraft:smithing_table":2,"minecraft:crafting_table":1,"minecraft:clay":2,"minecraft:torch":1,"minecraft:blast_furnace":3,"iter_rpg:vase":1,"minecraft:campfire":1,"minecraft:tall_grass":2,"minecraft:lapis_ore":1,"minecraft:big_dripleaf":1,"minecraft:coarse_dirt":1,"iter_rpg:abyss_quartz":7,"minecraft:tnt":1,"minecraft:yellow_bed":1,"minecraft:grass":2,"minecraft:oak_log":18,"minecraft:coal_ore":57,"iter_rpg:spider_egg":2,"minecraft:dirt":25,"minecraft:cobweb":1,"minecraft:red_mushroom_block":1,"minecraft:oak_leaves":11,"minecraft:deepslate":36},"minecraft:killed":{"minecraft:cave_spider":1,"minecraft:spider":1,"minecraft:skeleton":4,"friendsandfoes:glare":1,"artifacts:mimic":2,"minecraft:pig":4,"iter_rpg:spiderling":5,"minecraft:zombie":11},"minecraft:used":{"minecraft:azalea":1,"minecraft:stone_sword":13,"minecraft:smooth_quartz_slab":37,"minecraft:tropical_fish":6,"minecraft:stone_shovel":20,"minecraft:iron_chestplate":1,"minecraft:torch":69,"minecraft:dirt":10,"minecraft:mutton":2,"simplyswords:iron_katana":87,"minecraft:axolotl_bucket":8,"minecraft:big_dripleaf":1,"minecraft:honey_block":2,"minecraft:quartz_pillar":23,"minecraft:dark_oak_leaves":8,"minecraft:redstone_lamp":6,"minecraft:furnace":2,"minecraft:cobbled_deepslate":31,"minecraft:water_bucket":1,"minecraft:stone_pickaxe":131,"minecraft:oak_planks":14,"minecraft:redstone_block":3,"minecraft:smooth_quartz_stairs":44,"minecraft:salmon":16,"minecraft:glow_berries":4,"minecraft:crafting_table":9,"minecraft:blast_furnace":2,"minecraft:iron_pickaxe":191,"minecraft:stone_slab":3,"minecraft:stone_axe":43,"minecraft:cobblestone":86,"minecraft:cooked_porkchop":9,"minecraft:smithing_table":1,"minecraft:bucket":11,"minecraft:yellow_bed":1},"minecraft:crafted":{"minecraft:oak_planks":64,"simplyswords:iron_katana":2,"minecraft:furnace":1,"minecraft:diamond_leggings":1,"minecraft:iron_boots":1,"minecraft:diamond_boots":1,"minecraft:dark_oak_planks":32,"minecraft:cooked_porkchop":9,"minecraft:crafting_table":8,"minecraft:iron_helmet":1,"minecraft:smithing_table":1,"minecraft:bucket":2,"minecraft:air":0,"minecraft:iron_chestplate":2,"minecraft:shield":1,"minecraft:stick":48,"minecraft:iron_ingot":38,"minecraft:iron_pickaxe":2,"minecraft:iron_leggings":1,"minecraft:torch":112,"minecraft:diamond_chestplate":1},"minecraft:broken":{"minecraft:stone_pickaxe":1},"minecraft:custom":{"minecraft:interact_with_smithing_table":5,"minecraft:mob_kills":31,"minecraft:interact_with_crafting_table":26,"minecraft:open_barrel":3,"minecraft:time_since_death":101275,"minecraft:sprint_one_cm":137135,"minecraft:walk_one_cm":248921,"minecraft:drop":37,"minecraft:play_time":101275,"minecraft:walk_under_water_one_cm":10390,"minecraft:sneak_time":7932,"minecraft:jump":1466,"minecraft:interact_with_blast_furnace":19,"minecraft:walk_on_water_one_cm":9850,"minecraft:total_world_time":101275,"minecraft:interact_with_furnace":31,"minecraft:sleep_in_bed":1,"minecraft:time_since_rest":2657,"minecraft:damage_taken":848,"minecraft:damage_dealt":4970,"minecraft:swim_one_cm":1944,"minecraft:fly_one_cm":245864,"minecraft:open_chest":1,"minecraft:crouch_one_cm":26135,"minecraft:fall_one_cm":34688}},"DataVersion":3465}