{
  "minecraft:recipes/decorations/crafting_table": {
    "criteria": {
      "unlock_right_away": "2024-06-22 23:33:22 +0000"
    },
    "done": true
  },
  "cataclysm:root": {
    "criteria": {
      "custom_test_name": "2024-06-22 23:33:22 +0000"
    },
    "done": true
  },
  "minecraft:recipes/decorations/torch": {
    "criteria": {
      "has_stone_pickaxe": "2024-06-22 23:33:22 +0000"
    },
    "done": true
  },
  "dungeons_arise:wda_root": {
    "criteria": {
      "WDA": "2024-06-22 23:33:22 +0000"
    },
    "done": true
  },
  "minecraft:story/upgrade_tools": {
    "criteria": {
      "stone_pickaxe": "2024-06-22 23:33:22 +0000"
    },
    "done": true
  },
  "iter_rpg:iter_root": {
    "criteria": {
      "iter_root_0": "2024-06-22 23:33:22 +0000"
    },
    "done": true
  },
  "minecraft:adventure/adventuring_time": {
    "criteria": {
      "minecraft:sunflower_plains": "2024-06-23 00:47:46 +0000",
      "minecraft:birch_forest": "2024-06-23 00:45:00 +0000",
      "minecraft:windswept_hills": "2024-06-23 02:51:33 +0000",
      "minecraft:savanna_plateau": "2024-06-23 00:52:41 +0000",
      "minecraft:beach": "2024-06-22 23:43:55 +0000",
      "minecraft:dark_forest": "2024-06-22 23:33:23 +0000",
      "minecraft:river": "2024-06-23 00:19:24 +0000",
      "minecraft:forest": "2024-06-23 00:44:51 +0000",
      "minecraft:windswept_savanna": "2024-06-23 02:42:31 +0000",
      "minecraft:old_growth_birch_forest": "2024-06-22 23:43:16 +0000",
      "minecraft:windswept_gravelly_hills": "2024-06-23 02:49:43 +0000",
      "minecraft:plains": "2024-06-23 00:45:50 +0000"
    },
    "done": false
  },
  "minecraft:adventure/root": {
    "criteria": {
      "killed_by_something": "2024-06-22 23:34:08 +0000"
    },
    "done": true
  },
  "minecraft:adventure/kill_all_mobs": {
    "criteria": {
      "minecraft:pillager": "2024-06-23 00:59:35 +0000",
      "minecraft:skeleton": "2024-06-22 23:51:39 +0000",
      "minecraft:spider": "2024-06-22 23:35:47 +0000",
      "minecraft:creeper": "2024-06-23 01:11:41 +0000",
      "minecraft:witch": "2024-06-23 01:54:41 +0000",
      "minecraft:enderman": "2024-06-23 00:04:43 +0000",
      "minecraft:stray": "2024-06-23 02:52:07 +0000",
      "minecraft:zombie": "2024-06-22 23:34:27 +0000"
    },
    "done": false
  },
  "minecraft:adventure/kill_a_mob": {
    "criteria": {
      "minecraft:zombie": "2024-06-22 23:34:27 +0000"
    },
    "done": true
  },
  "minecraft:recipes/misc/charcoal": {
    "criteria": {
      "has_log": "2024-06-22 23:34:58 +0000"
    },
    "done": true
  },
  "minecraft:recipes/building_blocks/oak_planks": {
    "criteria": {
      "has_logs": "2024-06-22 23:34:58 +0000"
    },
    "done": true
  },
  "minecraft:recipes/building_blocks/oak_wood": {
    "criteria": {
      "has_log": "2024-06-22 23:34:58 +0000"
    },
    "done": true
  },
  "minecraft:recipes/decorations/oak_sign": {
    "criteria": {
      "has_planks": "2024-06-22 23:35:02 +0000"
    },
    "done": true
  },
  "minecraft:recipes/redstone/oak_trapdoor": {
    "criteria": {
      "has_planks": "2024-06-22 23:35:02 +0000"
    },
    "done": true
  },
  "minecraft:recipes/misc/stick": {
    "criteria": {
      "has_planks": "2024-06-22 23:35:02 +0000"
    },
    "done": true
  },
  "minecraft:recipes/building_blocks/oak_stairs": {
    "criteria": {
      "has_planks": "2024-06-22 23:35:02 +0000"
    },
    "done": true
  },
  "minecraft:recipes/decorations/oak_fence": {
    "criteria": {
      "has_planks": "2024-06-22 23:35:02 +0000"
    },
    "done": true
  },
  "minecraft:recipes/redstone/oak_button": {
    "criteria": {
      "has_planks": "2024-06-22 23:35:02 +0000"
    },
    "done": true
  },
  "minecraft:recipes/building_blocks/oak_slab": {
    "criteria": {
      "has_planks": "2024-06-22 23:35:02 +0000"
    },
    "done": true
  },
  "minecraft:recipes/redstone/oak_fence_gate": {
    "criteria": {
      "has_planks": "2024-06-22 23:35:02 +0000"
    },
    "done": true
  },
  "minecraft:recipes/redstone/oak_pressure_plate": {
    "criteria": {
      "has_planks": "2024-06-22 23:35:02 +0000"
    },
    "done": true
  },
  "minecraft:recipes/redstone/oak_door": {
    "criteria": {
      "has_planks": "2024-06-22 23:35:02 +0000"
    },
    "done": true
  },
  "minecraft:recipes/decorations/barrel": {
    "criteria": {
      "has_planks": "2024-06-22 23:35:02 +0000"
    },
    "done": true
  },
  "minecraft:recipes/combat/bow": {
    "criteria": {
      "has_string": "2024-06-22 23:35:48 +0000"
    },
    "done": true
  },
  "minecraft:recipes/tools/fishing_rod": {
    "criteria": {
      "has_string": "2024-06-22 23:35:48 +0000"
    },
    "done": true
  },
  "minecraft:recipes/redstone/tripwire_hook": {
    "criteria": {
      "has_string": "2024-06-22 23:35:48 +0000"
    },
    "done": true
  },
  "minecraft:recipes/decorations/candle": {
    "criteria": {
      "has_string": "2024-06-22 23:35:48 +0000"
    },
    "done": true
  },
  "minecraft:recipes/building_blocks/white_wool_from_string": {
    "criteria": {
      "has_string": "2024-06-22 23:35:48 +0000"
    },
    "done": true
  },
  "minecraft:recipes/combat/crossbow": {
    "criteria": {
      "has_string": "2024-06-22 23:35:48 +0000"
    },
    "done": true
  },
  "minecraft:recipes/decorations/loom": {
    "criteria": {
      "has_string": "2024-06-22 23:35:48 +0000"
    },
    "done": true
  },
  "minecraft:husbandry/root": {
    "criteria": {
      "consumed_item": "2024-06-22 23:36:06 +0000"
    },
    "done": true
  },
  "minecraft:husbandry/balanced_diet": {
    "criteria": {
      "cooked_porkchop": "2024-06-23 00:00:16 +0000",
      "cooked_mutton": "2024-06-23 00:03:45 +0000",
      "sweet_berries": "2024-06-22 23:52:40 +0000",
      "beef": "2024-06-23 00:09:15 +0000",
      "bread": "2024-06-23 01:28:46 +0000",
      "rotten_flesh": "2024-06-22 23:36:06 +0000",
      "cooked_salmon": "2024-06-23 00:36:41 +0000"
    },
    "done": false
  },
  "minecraft:recipes/redstone/lever": {
    "criteria": {
      "has_cobblestone": "2024-06-22 23:36:57 +0000"
    },
    "done": true
  },
  "minecraft:recipes/combat/stone_sword": {
    "criteria": {
      "has_cobblestone": "2024-06-22 23:36:57 +0000"
    },
    "done": true
  },
  "minecraft:recipes/decorations/cobblestone_wall": {
    "criteria": {
      "has_cobblestone": "2024-06-22 23:36:57 +0000"
    },
    "done": true
  },
  "minecraft:recipes/tools/stone_axe": {
    "criteria": {
      "has_cobblestone": "2024-06-22 23:36:57 +0000"
    },
    "done": true
  },
  "minecraft:story/mine_stone": {
    "criteria": {
      "get_stone": "2024-06-22 23:36:57 +0000"
    },
    "done": true
  },
  "minecraft:recipes/decorations/furnace": {
    "criteria": {
      "has_cobblestone": "2024-06-22 23:36:57 +0000"
    },
    "done": true
  },
  "minecraft:recipes/building_blocks/cobblestone_slab_from_cobblestone_stonecutting": {
    "criteria": {
      "has_cobblestone": "2024-06-22 23:36:57 +0000"
    },
    "done": true
  },
  "minecraft:recipes/building_blocks/stone": {
    "criteria": {
      "has_cobblestone": "2024-06-22 23:36:57 +0000"
    },
    "done": true
  },
  "minecraft:recipes/tools/stone_pickaxe": {
    "criteria": {
      "has_cobblestone": "2024-06-22 23:36:57 +0000"
    },
    "done": true
  },
  "minecraft:recipes/building_blocks/cobblestone_slab": {
    "criteria": {
      "has_cobblestone": "2024-06-22 23:36:57 +0000"
    },
    "done": true
  },
  "minecraft:recipes/decorations/cobblestone_wall_from_cobblestone_stonecutting": {
    "criteria": {
      "has_cobblestone": "2024-06-22 23:36:57 +0000"
    },
    "done": true
  },
  "minecraft:recipes/building_blocks/cobblestone_stairs_from_cobblestone_stonecutting": {
    "criteria": {
      "has_cobblestone": "2024-06-22 23:36:57 +0000"
    },
    "done": true
  },
  "minecraft:recipes/building_blocks/cobblestone_stairs": {
    "criteria": {
      "has_cobblestone": "2024-06-22 23:36:57 +0000"
    },
    "done": true
  },
  "minecraft:recipes/tools/stone_hoe": {
    "criteria": {
      "has_cobblestone": "2024-06-22 23:36:57 +0000"
    },
    "done": true
  },
  "minecraft:recipes/tools/stone_shovel": {
    "criteria": {
      "has_cobblestone": "2024-06-22 23:36:57 +0000"
    },
    "done": true
  },
  "minecraft:recipes/building_blocks/coal_block": {
    "criteria": {
      "has_coal": "2024-06-22 23:36:59 +0000"
    },
    "done": true
  },
  "minecraft:recipes/decorations/campfire": {
    "criteria": {
      "has_coal": "2024-06-22 23:36:59 +0000"
    },
    "done": true
  },
  "minecraft:recipes/decorations/chest": {
    "criteria": {
      "has_lots_of_items": "2024-06-22 23:37:01 +0000"
    },
    "done": true
  },
  "minecraft:recipes/food/cooked_mutton_from_smoking": {
    "criteria": {
      "has_mutton": "2024-06-22 23:40:38 +0000"
    },
    "done": true
  },
  "minecraft:recipes/decorations/painting": {
    "criteria": {
      "has_wool": "2024-06-22 23:40:38 +0000"
    },
    "done": true
  },
  "minecraft:recipes/decorations/light_gray_bed": {
    "criteria": {
      "has_light_gray_wool": "2024-06-22 23:40:38 +0000"
    },
    "done": true
  },
  "minecraft:recipes/food/cooked_mutton": {
    "criteria": {
      "has_mutton": "2024-06-22 23:40:38 +0000"
    },
    "done": true
  },
  "minecraft:recipes/food/cooked_mutton_from_campfire_cooking": {
    "criteria": {
      "has_mutton": "2024-06-22 23:40:38 +0000"
    },
    "done": true
  },
  "minecraft:recipes/decorations/light_gray_banner": {
    "criteria": {
      "has_light_gray_wool": "2024-06-22 23:40:38 +0000"
    },
    "done": true
  },
  "minecraft:recipes/decorations/light_gray_carpet": {
    "criteria": {
      "has_light_gray_wool": "2024-06-22 23:40:38 +0000"
    },
    "done": true
  },
  "minecraft:recipes/decorations/white_carpet": {
    "criteria": {
      "has_white_wool": "2024-06-22 23:40:55 +0000"
    },
    "done": true
  },
  "minecraft:recipes/decorations/white_banner": {
    "criteria": {
      "has_white_wool": "2024-06-22 23:40:55 +0000"
    },
    "done": true
  },
  "minecraft:recipes/decorations/white_bed": {
    "criteria": {
      "has_white_wool": "2024-06-22 23:40:55 +0000"
    },
    "done": true
  },
  "minecraft:recipes/food/cooked_porkchop_from_campfire_cooking": {
    "criteria": {
      "has_porkchop": "2024-06-22 23:41:01 +0000"
    },
    "done": true
  },
  "minecraft:recipes/food/cooked_porkchop": {
    "criteria": {
      "has_porkchop": "2024-06-22 23:41:01 +0000"
    },
    "done": true
  },
  "minecraft:recipes/food/cooked_porkchop_from_smoking": {
    "criteria": {
      "has_porkchop": "2024-06-22 23:41:01 +0000"
    },
    "done": true
  },
  "minecraft:recipes/food/cooked_beef_from_smoking": {
    "criteria": {
      "has_beef": "2024-06-22 23:41:18 +0000"
    },
    "done": true
  },
  "minecraft:recipes/food/cooked_beef": {
    "criteria": {
      "has_beef": "2024-06-22 23:41:18 +0000"
    },
    "done": true
  },
  "minecraft:recipes/food/cooked_beef_from_campfire_cooking": {
    "criteria": {
      "has_beef": "2024-06-22 23:41:18 +0000"
    },
    "done": true
  },
  "minecraft:recipes/combat/leather_helmet": {
    "criteria": {
      "has_leather": "2024-06-22 23:41:30 +0000"
    },
    "done": true
  },
  "minecraft:recipes/combat/leather_leggings": {
    "criteria": {
      "has_leather": "2024-06-22 23:41:30 +0000"
    },
    "done": true
  },
  "skilltree:recipes/combat/quiver": {
    "criteria": {
      "has_leather": "2024-06-22 23:41:30 +0000"
    },
    "done": true
  },
  "minecraft:recipes/combat/leather_chestplate": {
    "criteria": {
      "has_leather": "2024-06-22 23:41:30 +0000"
    },
    "done": true
  },
  "minecraft:recipes/misc/leather_horse_armor": {
    "criteria": {
      "has_leather": "2024-06-22 23:41:30 +0000"
    },
    "done": true
  },
  "hangglider:recipes/tools/glider_wing": {
    "criteria": {
      "has_leather": "2024-06-22 23:41:30 +0000"
    },
    "done": true
  },
  "minecraft:recipes/decorations/item_frame": {
    "criteria": {
      "has_leather": "2024-06-22 23:41:30 +0000"
    },
    "done": true
  },
  "minecraft:recipes/combat/leather_boots": {
    "criteria": {
      "has_leather": "2024-06-22 23:41:30 +0000"
    },
    "done": true
  },
  "minecraft:recipes/decorations/black_carpet": {
    "criteria": {
      "has_black_wool": "2024-06-22 23:42:02 +0000"
    },
    "done": true
  },
  "minecraft:recipes/decorations/black_banner": {
    "criteria": {
      "has_black_wool": "2024-06-22 23:42:02 +0000"
    },
    "done": true
  },
  "minecraft:recipes/decorations/black_bed": {
    "criteria": {
      "has_black_wool": "2024-06-22 23:42:02 +0000"
    },
    "done": true
  },
  "minecraft:recipes/building_blocks/mossy_cobblestone_stairs_from_mossy_cobblestone_stonecutting": {
    "criteria": {
      "has_mossy_cobblestone": "2024-06-22 23:42:09 +0000"
    },
    "done": true
  },
  "minecraft:recipes/building_blocks/mossy_cobblestone_slab": {
    "criteria": {
      "has_mossy_cobblestone": "2024-06-22 23:42:09 +0000"
    },
    "done": true
  },
  "minecraft:recipes/building_blocks/mossy_cobblestone_stairs": {
    "criteria": {
      "has_mossy_cobblestone": "2024-06-22 23:42:09 +0000"
    },
    "done": true
  },
  "minecraft:recipes/decorations/mossy_cobblestone_wall": {
    "criteria": {
      "has_mossy_cobblestone": "2024-06-22 23:42:09 +0000"
    },
    "done": true
  },
  "minecraft:recipes/building_blocks/mossy_cobblestone_slab_from_mossy_cobblestone_stonecutting": {
    "criteria": {
      "has_mossy_cobblestone": "2024-06-22 23:42:09 +0000"
    },
    "done": true
  },
  "minecraft:recipes/decorations/mossy_cobblestone_wall_from_mossy_cobblestone_stonecutting": {
    "criteria": {
      "has_mossy_cobblestone": "2024-06-22 23:42:09 +0000"
    },
    "done": true
  },
  "minecraft:recipes/building_blocks/raw_iron_block": {
    "criteria": {
      "has_raw_iron": "2024-06-22 23:42:19 +0000"
    },
    "done": true
  },
  "minecraft:recipes/misc/iron_ingot_from_smelting_raw_iron": {
    "criteria": {
      "has_raw_iron": "2024-06-22 23:42:19 +0000"
    },
    "done": true
  },
  "minecraft:recipes/misc/iron_ingot_from_blasting_raw_iron": {
    "criteria": {
      "has_raw_iron": "2024-06-22 23:42:19 +0000"
    },
    "done": true
  },
  "minecraft:recipes/misc/copper_ingot_from_blasting_raw_copper": {
    "criteria": {
      "has_raw_copper": "2024-06-22 23:42:21 +0000"
    },
    "done": true
  },
  "minecraft:recipes/building_blocks/raw_copper_block": {
    "criteria": {
      "has_raw_copper": "2024-06-22 23:42:21 +0000"
    },
    "done": true
  },
  "minecraft:recipes/misc/copper_ingot_from_smelting_raw_copper": {
    "criteria": {
      "has_raw_copper": "2024-06-22 23:42:21 +0000"
    },
    "done": true
  },
  "minecraft:recipes/building_blocks/spruce_wood": {
    "criteria": {
      "has_log": "2024-06-22 23:45:49 +0000"
    },
    "done": true
  },
  "minecraft:recipes/building_blocks/spruce_planks": {
    "criteria": {
      "has_logs": "2024-06-22 23:45:49 +0000"
    },
    "done": true
  },
  "minecraft:recipes/decorations/spruce_sign": {
    "criteria": {
      "has_planks": "2024-06-22 23:46:28 +0000"
    },
    "done": true
  },
  "minecraft:recipes/decorations/spruce_fence": {
    "criteria": {
      "has_planks": "2024-06-22 23:46:28 +0000"
    },
    "done": true
  },
  "minecraft:recipes/building_blocks/spruce_slab": {
    "criteria": {
      "has_planks": "2024-06-22 23:46:28 +0000"
    },
    "done": true
  },
  "minecraft:recipes/redstone/spruce_button": {
    "criteria": {
      "has_planks": "2024-06-22 23:46:28 +0000"
    },
    "done": true
  },
  "minecraft:recipes/redstone/spruce_pressure_plate": {
    "criteria": {
      "has_planks": "2024-06-22 23:46:28 +0000"
    },
    "done": true
  },
  "minecraft:recipes/redstone/spruce_trapdoor": {
    "criteria": {
      "has_planks": "2024-06-22 23:46:28 +0000"
    },
    "done": true
  },
  "minecraft:recipes/redstone/spruce_door": {
    "criteria": {
      "has_planks": "2024-06-22 23:46:28 +0000"
    },
    "done": true
  },
  "minecraft:recipes/redstone/spruce_fence_gate": {
    "criteria": {
      "has_planks": "2024-06-22 23:46:28 +0000"
    },
    "done": true
  },
  "minecraft:recipes/building_blocks/spruce_stairs": {
    "criteria": {
      "has_planks": "2024-06-22 23:46:28 +0000"
    },
    "done": true
  },
  "aquamirae:adventure/root": {
    "criteria": {
      "crafting_table": "2024-06-22 23:46:30 +0000"
    },
    "done": true
  },
  "minecraft:story/root": {
    "criteria": {
      "crafting_table": "2024-06-22 23:46:30 +0000"
    },
    "done": true
  },
  "minecraft:recipes/decorations/ladder": {
    "criteria": {
      "has_stick": "2024-06-22 23:46:36 +0000"
    },
    "done": true
  },
  "minecraft:recipes/tools/wooden_axe": {
    "criteria": {
      "has_stick": "2024-06-22 23:46:36 +0000"
    },
    "done": true
  },
  "minecraft:recipes/tools/wooden_hoe": {
    "criteria": {
      "has_stick": "2024-06-22 23:46:36 +0000"
    },
    "done": true
  },
  "minecraft:recipes/tools/wooden_pickaxe": {
    "criteria": {
      "has_stick": "2024-06-22 23:46:36 +0000"
    },
    "done": true
  },
  "minecraft:recipes/tools/wooden_shovel": {
    "criteria": {
      "has_stick": "2024-06-22 23:46:36 +0000"
    },
    "done": true
  },
  "minecraft:recipes/combat/wooden_sword": {
    "criteria": {
      "has_stick": "2024-06-22 23:46:36 +0000"
    },
    "done": true
  },
  "minecraft:recipes/decorations/smoker": {
    "criteria": {
      "has_furnace": "2024-06-22 23:46:43 +0000"
    },
    "done": true
  },
  "minecraft:recipes/combat/iron_leggings": {
    "criteria": {
      "has_iron_ingot": "2024-06-22 23:46:59 +0000"
    },
    "done": true
  },
  "minecraft:recipes/combat/iron_chestplate": {
    "criteria": {
      "has_iron_ingot": "2024-06-22 23:46:59 +0000"
    },
    "done": true
  },
  "minecraft:recipes/misc/iron_nugget": {
    "criteria": {
      "has_iron_ingot": "2024-06-22 23:46:59 +0000"
    },
    "done": true
  },
  "minecraft:recipes/misc/bucket": {
    "criteria": {
      "has_iron_ingot": "2024-06-22 23:46:59 +0000"
    },
    "done": true
  },
  "minecraft:recipes/combat/iron_helmet": {
    "criteria": {
      "has_iron_ingot": "2024-06-22 23:46:59 +0000"
    },
    "done": true
  },
  "minecraft:recipes/transportation/minecart": {
    "criteria": {
      "has_iron_ingot": "2024-06-22 23:46:59 +0000"
    },
    "done": true
  },
  "minecraft:recipes/tools/iron_hoe": {
    "criteria": {
      "has_iron_ingot": "2024-06-22 23:46:59 +0000"
    },
    "done": true
  },
  "minecraft:story/smelt_iron": {
    "criteria": {
      "iron": "2024-06-22 23:46:59 +0000"
    },
    "done": true
  },
  "minecraft:recipes/tools/shears": {
    "criteria": {
      "has_iron_ingot": "2024-06-22 23:46:59 +0000"
    },
    "done": true
  },
  "minecraft:recipes/decorations/chain": {
    "criteria": {
      "has_iron_ingot": "2024-06-22 23:46:59 +0000"
    },
    "done": true
  },
  "minecraft:recipes/building_blocks/iron_block": {
    "criteria": {
      "has_iron_ingot": "2024-06-22 23:46:59 +0000"
    },
    "done": true
  },
  "minecraft:recipes/decorations/smithing_table": {
    "criteria": {
      "has_iron_ingot": "2024-06-22 23:46:59 +0000"
    },
    "done": true
  },
  "minecraft:recipes/combat/iron_sword": {
    "criteria": {
      "has_iron_ingot": "2024-06-22 23:46:59 +0000"
    },
    "done": true
  },
  "minecraft:recipes/tools/iron_pickaxe": {
    "criteria": {
      "has_iron_ingot": "2024-06-22 23:46:59 +0000"
    },
    "done": true
  },
  "minecraft:recipes/combat/shield": {
    "criteria": {
      "has_iron_ingot": "2024-06-22 23:46:59 +0000"
    },
    "done": true
  },
  "minecraft:recipes/redstone/hopper": {
    "criteria": {
      "has_iron_ingot": "2024-06-22 23:46:59 +0000"
    },
    "done": true
  },
  "minecraft:recipes/decorations/iron_bars": {
    "criteria": {
      "has_iron_ingot": "2024-06-22 23:46:59 +0000"
    },
    "done": true
  },
  "minecraft:recipes/combat/iron_boots": {
    "criteria": {
      "has_iron_ingot": "2024-06-22 23:46:59 +0000"
    },
    "done": true
  },
  "minecraft:recipes/decorations/lantern": {
    "criteria": {
      "has_iron_ingot": "2024-06-22 23:46:59 +0000"
    },
    "done": true
  },
  "hangglider:recipes/tools/glider_framework": {
    "criteria": {
      "has_iron_ingot": "2024-06-22 23:46:59 +0000"
    },
    "done": true
  },
  "minecraft:recipes/tools/iron_shovel": {
    "criteria": {
      "has_iron_ingot": "2024-06-22 23:46:59 +0000"
    },
    "done": true
  },
  "minecraft:recipes/redstone/iron_trapdoor": {
    "criteria": {
      "has_iron_ingot": "2024-06-22 23:46:59 +0000"
    },
    "done": true
  },
  "minecraft:recipes/tools/iron_axe": {
    "criteria": {
      "has_iron_ingot": "2024-06-22 23:46:59 +0000"
    },
    "done": true
  },
  "skilltree:recipes/combat/armored_quiver": {
    "criteria": {
      "has_ingots_iron": "2024-06-22 23:46:59 +0000"
    },
    "done": true
  },
  "minecraft:recipes/redstone/iron_door": {
    "criteria": {
      "has_iron_ingot": "2024-06-22 23:46:59 +0000"
    },
    "done": true
  },
  "minecraft:recipes/redstone/heavy_weighted_pressure_plate": {
    "criteria": {
      "has_iron_ingot": "2024-06-22 23:46:59 +0000"
    },
    "done": true
  },
  "minecraft:recipes/misc/iron_ingot_from_nuggets": {
    "criteria": {
      "has_iron_nugget": "2024-06-22 23:49:01 +0000"
    },
    "done": true
  },
  "skilltree:recipes/misc/iron_ring": {
    "criteria": {
      "has_nuggets_iron": "2024-06-22 23:49:01 +0000"
    },
    "done": true
  },
  "minecraft:recipes/misc/bone_meal": {
    "criteria": {
      "has_bone": "2024-06-22 23:51:11 +0000"
    },
    "done": true
  },
  "skilltree:recipes/misc/assassin_necklace": {
    "criteria": {
      "has_bone": "2024-06-22 23:51:11 +0000"
    },
    "done": true
  },
  "skilltree:recipes/combat/bone_quiver": {
    "criteria": {
      "has_bone": "2024-06-22 23:51:11 +0000"
    },
    "done": true
  },
  "ecologics:recipes/ecologics/azalea_boat": {
    "criteria": {
      "in_water": "2024-06-22 23:51:12 +0000"
    },
    "done": true
  },
  "minecraft:recipes/transportation/cherry_boat": {
    "criteria": {
      "in_water": "2024-06-22 23:51:12 +0000"
    },
    "done": true
  },
  "minecraft:recipes/transportation/bamboo_raft": {
    "criteria": {
      "in_water": "2024-06-22 23:51:12 +0000"
    },
    "done": true
  },
  "minecraft:recipes/transportation/spruce_boat": {
    "criteria": {
      "in_water": "2024-06-22 23:51:12 +0000"
    },
    "done": true
  },
  "minecraft:recipes/transportation/birch_boat": {
    "criteria": {
      "in_water": "2024-06-22 23:51:12 +0000"
    },
    "done": true
  },
  "minecraft:recipes/transportation/oak_boat": {
    "criteria": {
      "in_water": "2024-06-22 23:51:12 +0000"
    },
    "done": true
  },
  "ecologics:recipes/ecologics/walnut_boat": {
    "criteria": {
      "in_water": "2024-06-22 23:51:12 +0000"
    },
    "done": true
  },
  "minecraft:recipes/transportation/mangrove_boat": {
    "criteria": {
      "in_water": "2024-06-22 23:51:12 +0000"
    },
    "done": true
  },
  "ecologics:recipes/ecologics/coconut_boat": {
    "criteria": {
      "in_water": "2024-06-22 23:51:12 +0000"
    },
    "done": true
  },
  "ecologics:recipes/ecologics/flowering_azalea_boat": {
    "criteria": {
      "in_water": "2024-06-22 23:51:12 +0000"
    },
    "done": true
  },
  "minecraft:recipes/transportation/acacia_boat": {
    "criteria": {
      "in_water": "2024-06-22 23:51:12 +0000"
    },
    "done": true
  },
  "minecraft:recipes/transportation/jungle_boat": {
    "criteria": {
      "in_water": "2024-06-22 23:51:12 +0000"
    },
    "done": true
  },
  "minecraft:recipes/transportation/dark_oak_boat": {
    "criteria": {
      "in_water": "2024-06-22 23:51:12 +0000"
    },
    "done": true
  },
  "minecraft:recipes/misc/blue_dye": {
    "criteria": {
      "has_lapis_lazuli": "2024-06-22 23:52:42 +0000"
    },
    "done": true
  },
  "minecraft:recipes/building_blocks/lapis_block": {
    "criteria": {
      "has_lapis_lazuli": "2024-06-22 23:52:42 +0000"
    },
    "done": true
  },
  "minecraft:recipes/building_blocks/andesite_stairs": {
    "criteria": {
      "has_andesite": "2024-06-22 23:53:25 +0000"
    },
    "done": true
  },
  "minecraft:recipes/decorations/andesite_wall_from_andesite_stonecutting": {
    "criteria": {
      "has_andesite": "2024-06-22 23:53:25 +0000"
    },
    "done": true
  },
  "minecraft:recipes/building_blocks/polished_andesite_slab_from_andesite_stonecutting": {
    "criteria": {
      "has_andesite": "2024-06-22 23:53:25 +0000"
    },
    "done": true
  },
  "minecraft:recipes/building_blocks/andesite_slab_from_andesite_stonecutting": {
    "criteria": {
      "has_andesite": "2024-06-22 23:53:25 +0000"
    },
    "done": true
  },
  "minecraft:recipes/building_blocks/andesite_stairs_from_andesite_stonecutting": {
    "criteria": {
      "has_andesite": "2024-06-22 23:53:25 +0000"
    },
    "done": true
  },
  "minecraft:recipes/building_blocks/polished_andesite_from_andesite_stonecutting": {
    "criteria": {
      "has_andesite": "2024-06-22 23:53:25 +0000"
    },
    "done": true
  },
  "minecraft:recipes/building_blocks/polished_andesite": {
    "criteria": {
      "has_andesite": "2024-06-22 23:53:25 +0000"
    },
    "done": true
  },
  "minecraft:recipes/decorations/andesite_wall": {
    "criteria": {
      "has_andesite": "2024-06-22 23:53:25 +0000"
    },
    "done": true
  },
  "minecraft:recipes/building_blocks/andesite_slab": {
    "criteria": {
      "has_andesite": "2024-06-22 23:53:25 +0000"
    },
    "done": true
  },
  "minecraft:recipes/building_blocks/polished_andesite_stairs_from_andesite_stonecutting": {
    "criteria": {
      "has_andesite": "2024-06-22 23:53:25 +0000"
    },
    "done": true
  },
  "minecraft:recipes/misc/iron_nugget_from_smelting": {
    "criteria": {
      "has_iron_pickaxe": "2024-06-22 23:57:45 +0000"
    },
    "done": true
  },
  "minecraft:story/iron_tools": {
    "criteria": {
      "iron_pickaxe": "2024-06-22 23:57:45 +0000"
    },
    "done": true
  },
  "minecraft:recipes/misc/iron_nugget_from_blasting": {
    "criteria": {
      "has_iron_pickaxe": "2024-06-22 23:57:45 +0000"
    },
    "done": true
  },
  "minecraft:recipes/misc/gold_ingot_from_blasting_raw_gold": {
    "criteria": {
      "has_raw_gold": "2024-06-22 23:58:02 +0000"
    },
    "done": true
  },
  "minecraft:recipes/misc/gold_ingot_from_smelting_raw_gold": {
    "criteria": {
      "has_raw_gold": "2024-06-22 23:58:02 +0000"
    },
    "done": true
  },
  "minecraft:recipes/building_blocks/raw_gold_block": {
    "criteria": {
      "has_raw_gold": "2024-06-22 23:58:02 +0000"
    },
    "done": true
  },
  "minecraft:recipes/decorations/fletching_table": {
    "criteria": {
      "has_flint": "2024-06-23 00:02:39 +0000"
    },
    "done": true
  },
  "minecraft:recipes/combat/arrow": {
    "criteria": {
      "has_flint": "2024-06-23 00:02:39 +0000"
    },
    "done": true
  },
  "minecraft:recipes/tools/flint_and_steel": {
    "criteria": {
      "has_flint": "2024-06-23 00:02:39 +0000"
    },
    "done": true
  },
  "minecraft:recipes/misc/book": {
    "criteria": {
      "has_paper": "2024-06-23 00:02:42 +0000"
    },
    "done": true
  },
  "minecraft:recipes/decorations/cartography_table": {
    "criteria": {
      "has_paper": "2024-06-23 00:02:42 +0000"
    },
    "done": true
  },
  "artifacts:chest_slayer": {
    "criteria": {
      "kill_mimic": "2024-06-23 00:05:28 +0000"
    },
    "done": true
  },
  "artifacts:amateur_archaeologist": {
    "criteria": {
      "find_artifact": "2024-06-23 00:05:30 +0000"
    },
    "done": true
  },
  "minecraft:story/obtain_armor": {
    "criteria": {
      "iron_chestplate": "2024-06-23 00:06:31 +0000"
    },
    "done": true
  },
  "minecraft:recipes/brewing/fermented_spider_eye": {
    "criteria": {
      "has_spider_eye": "2024-06-23 00:06:34 +0000"
    },
    "done": true
  },
  "minecraft:recipes/building_blocks/polished_deepslate": {
    "criteria": {
      "has_cobbled_deepslate": "2024-06-23 00:11:32 +0000"
    },
    "done": true
  },
  "minecraft:recipes/building_blocks/deepslate_tile_stairs_from_cobbled_deepslate_stonecutting": {
    "criteria": {
      "has_cobbled_deepslate": "2024-06-23 00:11:32 +0000"
    },
    "done": true
  },
  "minecraft:recipes/building_blocks/deepslate_brick_stairs_from_cobbled_deepslate_stonecutting": {
    "criteria": {
      "has_cobbled_deepslate": "2024-06-23 00:11:32 +0000"
    },
    "done": true
  },
  "minecraft:recipes/building_blocks/chiseled_deepslate_from_cobbled_deepslate_stonecutting": {
    "criteria": {
      "has_cobbled_deepslate": "2024-06-23 00:11:32 +0000"
    },
    "done": true
  },
  "minecraft:recipes/building_blocks/cobbled_deepslate_slab": {
    "criteria": {
      "has_cobbled_deepslate": "2024-06-23 00:11:32 +0000"
    },
    "done": true
  },
  "minecraft:recipes/decorations/cobbled_deepslate_wall_from_cobbled_deepslate_stonecutting": {
    "criteria": {
      "has_cobbled_deepslate": "2024-06-23 00:11:32 +0000"
    },
    "done": true
  },
  "minecraft:recipes/decorations/cobbled_deepslate_wall": {
    "criteria": {
      "has_cobbled_deepslate": "2024-06-23 00:11:32 +0000"
    },
    "done": true
  },
  "minecraft:recipes/decorations/polished_deepslate_wall_from_cobbled_deepslate_stonecutting": {
    "criteria": {
      "has_cobbled_deepslate": "2024-06-23 00:11:32 +0000"
    },
    "done": true
  },
  "minecraft:recipes/building_blocks/cobbled_deepslate_stairs_from_cobbled_deepslate_stonecutting": {
    "criteria": {
      "has_cobbled_deepslate": "2024-06-23 00:11:32 +0000"
    },
    "done": true
  },
  "minecraft:recipes/building_blocks/deepslate": {
    "criteria": {
      "has_cobbled_deepslate": "2024-06-23 00:11:32 +0000"
    },
    "done": true
  },
  "minecraft:recipes/building_blocks/polished_deepslate_stairs_from_cobbled_deepslate_stonecutting": {
    "criteria": {
      "has_cobbled_deepslate": "2024-06-23 00:11:32 +0000"
    },
    "done": true
  },
  "minecraft:recipes/decorations/deepslate_brick_wall_from_cobbled_deepslate_stonecutting": {
    "criteria": {
      "has_cobbled_deepslate": "2024-06-23 00:11:32 +0000"
    },
    "done": true
  },
  "minecraft:recipes/building_blocks/polished_deepslate_from_cobbled_deepslate_stonecutting": {
    "criteria": {
      "has_cobbled_deepslate": "2024-06-23 00:11:32 +0000"
    },
    "done": true
  },
  "minecraft:recipes/building_blocks/polished_deepslate_slab_from_cobbled_deepslate_stonecutting": {
    "criteria": {
      "has_cobbled_deepslate": "2024-06-23 00:11:32 +0000"
    },
    "done": true
  },
  "minecraft:recipes/building_blocks/deepslate_brick_slab_from_cobbled_deepslate_stonecutting": {
    "criteria": {
      "has_cobbled_deepslate": "2024-06-23 00:11:32 +0000"
    },
    "done": true
  },
  "minecraft:recipes/building_blocks/cobbled_deepslate_slab_from_cobbled_deepslate_stonecutting": {
    "criteria": {
      "has_cobbled_deepslate": "2024-06-23 00:11:32 +0000"
    },
    "done": true
  },
  "minecraft:recipes/building_blocks/deepslate_tile_slab_from_cobbled_deepslate_stonecutting": {
    "criteria": {
      "has_cobbled_deepslate": "2024-06-23 00:11:32 +0000"
    },
    "done": true
  },
  "minecraft:recipes/building_blocks/cobbled_deepslate_stairs": {
    "criteria": {
      "has_cobbled_deepslate": "2024-06-23 00:11:32 +0000"
    },
    "done": true
  },
  "minecraft:recipes/decorations/deepslate_tile_wall_from_cobbled_deepslate_stonecutting": {
    "criteria": {
      "has_cobbled_deepslate": "2024-06-23 00:11:32 +0000"
    },
    "done": true
  },
  "minecraft:recipes/building_blocks/deepslate_bricks_from_cobbled_deepslate_stonecutting": {
    "criteria": {
      "has_cobbled_deepslate": "2024-06-23 00:11:32 +0000"
    },
    "done": true
  },
  "minecraft:recipes/building_blocks/deepslate_tiles_from_cobbled_deepslate_stonecutting": {
    "criteria": {
      "has_cobbled_deepslate": "2024-06-23 00:11:32 +0000"
    },
    "done": true
  },
  "minecraft:recipes/combat/diamond_leggings": {
    "criteria": {
      "has_diamond": "2024-06-23 00:13:25 +0000"
    },
    "done": true
  },
  "minecraft:recipes/combat/diamond_sword": {
    "criteria": {
      "has_diamond": "2024-06-23 00:13:25 +0000"
    },
    "done": true
  },
  "minecraft:recipes/decorations/jukebox": {
    "criteria": {
      "has_diamond": "2024-06-23 00:13:25 +0000"
    },
    "done": true
  },
  "minecraft:recipes/combat/diamond_chestplate": {
    "criteria": {
      "has_diamond": "2024-06-23 00:13:25 +0000"
    },
    "done": true
  },
  "minecraft:recipes/tools/diamond_pickaxe": {
    "criteria": {
      "has_diamond": "2024-06-23 00:13:25 +0000"
    },
    "done": true
  },
  "minecraft:recipes/tools/diamond_hoe": {
    "criteria": {
      "has_diamond": "2024-06-23 00:13:25 +0000"
    },
    "done": true
  },
  "minecraft:recipes/tools/diamond_shovel": {
    "criteria": {
      "has_diamond": "2024-06-23 00:13:25 +0000"
    },
    "done": true
  },
  "minecraft:recipes/combat/diamond_boots": {
    "criteria": {
      "has_diamond": "2024-06-23 00:13:25 +0000"
    },
    "done": true
  },
  "skilltree:recipes/combat/diamond_quiver": {
    "criteria": {
      "has_gems_diamond": "2024-06-23 00:13:25 +0000"
    },
    "done": true
  },
  "minecraft:recipes/combat/diamond_helmet": {
    "criteria": {
      "has_diamond": "2024-06-23 00:13:25 +0000"
    },
    "done": true
  },
  "minecraft:recipes/building_blocks/diamond_block": {
    "criteria": {
      "has_diamond": "2024-06-23 00:13:25 +0000"
    },
    "done": true
  },
  "minecraft:story/mine_diamond": {
    "criteria": {
      "diamond": "2024-06-23 00:13:25 +0000"
    },
    "done": true
  },
  "minecraft:recipes/tools/diamond_axe": {
    "criteria": {
      "has_diamond": "2024-06-23 00:13:25 +0000"
    },
    "done": true
  },
  "minecraft:recipes/building_blocks/light_gray_concrete_powder": {
    "criteria": {
      "has_sand": "2024-06-23 00:19:35 +0000"
    },
    "done": true
  },
  "minecraft:recipes/building_blocks/pink_concrete_powder": {
    "criteria": {
      "has_sand": "2024-06-23 00:19:35 +0000"
    },
    "done": true
  },
  "minecraft:recipes/building_blocks/red_concrete_powder": {
    "criteria": {
      "has_sand": "2024-06-23 00:19:35 +0000"
    },
    "done": true
  },
  "minecraft:recipes/building_blocks/brown_concrete_powder": {
    "criteria": {
      "has_sand": "2024-06-23 00:19:35 +0000"
    },
    "done": true
  },
  "minecraft:recipes/building_blocks/light_blue_concrete_powder": {
    "criteria": {
      "has_sand": "2024-06-23 00:19:35 +0000"
    },
    "done": true
  },
  "minecraft:recipes/building_blocks/glass": {
    "criteria": {
      "has_smelts_to_glass": "2024-06-23 00:19:35 +0000"
    },
    "done": true
  },
  "minecraft:recipes/building_blocks/green_concrete_powder": {
    "criteria": {
      "has_sand": "2024-06-23 00:19:35 +0000"
    },
    "done": true
  },
  "minecraft:recipes/building_blocks/blue_concrete_powder": {
    "criteria": {
      "has_sand": "2024-06-23 00:19:35 +0000"
    },
    "done": true
  },
  "minecraft:recipes/building_blocks/white_concrete_powder": {
    "criteria": {
      "has_sand": "2024-06-23 00:19:35 +0000"
    },
    "done": true
  },
  "minecraft:recipes/building_blocks/lime_concrete_powder": {
    "criteria": {
      "has_sand": "2024-06-23 00:19:35 +0000"
    },
    "done": true
  },
  "minecraft:recipes/building_blocks/orange_concrete_powder": {
    "criteria": {
      "has_sand": "2024-06-23 00:19:35 +0000"
    },
    "done": true
  },
  "minecraft:recipes/building_blocks/magenta_concrete_powder": {
    "criteria": {
      "has_sand": "2024-06-23 00:19:35 +0000"
    },
    "done": true
  },
  "minecraft:recipes/building_blocks/yellow_concrete_powder": {
    "criteria": {
      "has_sand": "2024-06-23 00:19:35 +0000"
    },
    "done": true
  },
  "minecraft:recipes/building_blocks/sandstone": {
    "criteria": {
      "has_sand": "2024-06-23 00:19:35 +0000"
    },
    "done": true
  },
  "minecraft:recipes/building_blocks/gray_concrete_powder": {
    "criteria": {
      "has_sand": "2024-06-23 00:19:35 +0000"
    },
    "done": true
  },
  "minecraft:recipes/building_blocks/black_concrete_powder": {
    "criteria": {
      "has_sand": "2024-06-23 00:19:35 +0000"
    },
    "done": true
  },
  "minecraft:recipes/building_blocks/purple_concrete_powder": {
    "criteria": {
      "has_sand": "2024-06-23 00:19:35 +0000"
    },
    "done": true
  },
  "minecraft:recipes/building_blocks/cyan_concrete_powder": {
    "criteria": {
      "has_sand": "2024-06-23 00:19:35 +0000"
    },
    "done": true
  },
  "minecraft:recipes/misc/magenta_dye_from_allium": {
    "criteria": {
      "has_allium": "2024-06-23 00:20:02 +0000"
    },
    "done": true
  },
  "minecraft:recipes/decorations/magenta_bed": {
    "criteria": {
      "has_magenta_wool": "2024-06-23 00:20:07 +0000"
    },
    "done": true
  },
  "minecraft:recipes/decorations/magenta_carpet": {
    "criteria": {
      "has_magenta_wool": "2024-06-23 00:20:07 +0000"
    },
    "done": true
  },
  "minecraft:recipes/decorations/magenta_banner": {
    "criteria": {
      "has_magenta_wool": "2024-06-23 00:20:07 +0000"
    },
    "done": true
  },
  "minecraft:recipes/building_blocks/dye_magenta_wool": {
    "criteria": {
      "has_the_recipe": "2024-06-23 00:20:07 +0000"
    },
    "done": true
  },
  "minecraft:recipes/tools/golden_axe": {
    "criteria": {
      "has_gold_ingot": "2024-06-23 00:23:32 +0000"
    },
    "done": true
  },
  "skilltree:recipes/combat/gilded_quiver": {
    "criteria": {
      "has_ingots_gold": "2024-06-23 00:23:32 +0000"
    },
    "done": true
  },
  "minecraft:recipes/tools/golden_pickaxe": {
    "criteria": {
      "has_gold_ingot": "2024-06-23 00:23:32 +0000"
    },
    "done": true
  },
  "minecraft:recipes/misc/gold_nugget": {
    "criteria": {
      "has_gold_ingot": "2024-06-23 00:23:32 +0000"
    },
    "done": true
  },
  "minecraft:recipes/tools/golden_shovel": {
    "criteria": {
      "has_gold_ingot": "2024-06-23 00:23:32 +0000"
    },
    "done": true
  },
  "minecraft:recipes/food/golden_apple": {
    "criteria": {
      "has_gold_ingot": "2024-06-23 00:23:32 +0000"
    },
    "done": true
  },
  "minecraft:recipes/combat/golden_boots": {
    "criteria": {
      "has_gold_ingot": "2024-06-23 00:23:32 +0000"
    },
    "done": true
  },
  "minecraft:recipes/combat/golden_helmet": {
    "criteria": {
      "has_gold_ingot": "2024-06-23 00:23:32 +0000"
    },
    "done": true
  },
  "minecraft:recipes/combat/golden_chestplate": {
    "criteria": {
      "has_gold_ingot": "2024-06-23 00:23:32 +0000"
    },
    "done": true
  },
  "minecraft:recipes/redstone/light_weighted_pressure_plate": {
    "criteria": {
      "has_gold_ingot": "2024-06-23 00:23:32 +0000"
    },
    "done": true
  },
  "minecraft:recipes/combat/golden_sword": {
    "criteria": {
      "has_gold_ingot": "2024-06-23 00:23:32 +0000"
    },
    "done": true
  },
  "minecraft:recipes/building_blocks/gold_block": {
    "criteria": {
      "has_gold_ingot": "2024-06-23 00:23:32 +0000"
    },
    "done": true
  },
  "minecraft:recipes/tools/golden_hoe": {
    "criteria": {
      "has_gold_ingot": "2024-06-23 00:23:32 +0000"
    },
    "done": true
  },
  "minecraft:recipes/combat/golden_leggings": {
    "criteria": {
      "has_gold_ingot": "2024-06-23 00:23:32 +0000"
    },
    "done": true
  },
  "minecraft:recipes/building_blocks/light_blue_stained_glass": {
    "criteria": {
      "has_glass": "2024-06-23 00:23:58 +0000"
    },
    "done": true
  },
  "minecraft:recipes/building_blocks/green_stained_glass": {
    "criteria": {
      "has_glass": "2024-06-23 00:23:58 +0000"
    },
    "done": true
  },
  "minecraft:recipes/building_blocks/brown_stained_glass": {
    "criteria": {
      "has_glass": "2024-06-23 00:23:58 +0000"
    },
    "done": true
  },
  "minecraft:recipes/building_blocks/blue_stained_glass": {
    "criteria": {
      "has_glass": "2024-06-23 00:23:58 +0000"
    },
    "done": true
  },
  "minecraft:recipes/building_blocks/orange_stained_glass": {
    "criteria": {
      "has_glass": "2024-06-23 00:23:58 +0000"
    },
    "done": true
  },
  "minecraft:recipes/building_blocks/pink_stained_glass": {
    "criteria": {
      "has_glass": "2024-06-23 00:23:58 +0000"
    },
    "done": true
  },
  "minecraft:recipes/building_blocks/black_stained_glass": {
    "criteria": {
      "has_glass": "2024-06-23 00:23:58 +0000"
    },
    "done": true
  },
  "minecraft:recipes/building_blocks/gray_stained_glass": {
    "criteria": {
      "has_glass": "2024-06-23 00:23:58 +0000"
    },
    "done": true
  },
  "minecraft:recipes/building_blocks/lime_stained_glass": {
    "criteria": {
      "has_glass": "2024-06-23 00:23:58 +0000"
    },
    "done": true
  },
  "minecraft:recipes/decorations/glass_pane": {
    "criteria": {
      "has_glass": "2024-06-23 00:23:58 +0000"
    },
    "done": true
  },
  "minecraft:recipes/building_blocks/magenta_stained_glass": {
    "criteria": {
      "has_glass": "2024-06-23 00:23:58 +0000"
    },
    "done": true
  },
  "minecraft:recipes/building_blocks/white_stained_glass": {
    "criteria": {
      "has_glass": "2024-06-23 00:23:58 +0000"
    },
    "done": true
  },
  "minecraft:recipes/building_blocks/red_stained_glass": {
    "criteria": {
      "has_glass": "2024-06-23 00:23:58 +0000"
    },
    "done": true
  },
  "minecraft:recipes/brewing/glass_bottle": {
    "criteria": {
      "has_glass": "2024-06-23 00:23:58 +0000"
    },
    "done": true
  },
  "minecraft:recipes/building_blocks/light_gray_stained_glass": {
    "criteria": {
      "has_glass": "2024-06-23 00:23:58 +0000"
    },
    "done": true
  },
  "minecraft:recipes/building_blocks/cyan_stained_glass": {
    "criteria": {
      "has_glass": "2024-06-23 00:23:58 +0000"
    },
    "done": true
  },
  "minecraft:recipes/building_blocks/purple_stained_glass": {
    "criteria": {
      "has_glass": "2024-06-23 00:23:58 +0000"
    },
    "done": true
  },
  "minecraft:recipes/building_blocks/yellow_stained_glass": {
    "criteria": {
      "has_glass": "2024-06-23 00:23:58 +0000"
    },
    "done": true
  },
  "minecraft:adventure/sleep_in_bed": {
    "criteria": {
      "slept_in_bed": "2024-06-23 00:27:03 +0000"
    },
    "done": true
  },
  "minecraft:recipes/food/cooked_salmon": {
    "criteria": {
      "has_salmon": "2024-06-23 00:30:38 +0000"
    },
    "done": true
  },
  "minecraft:recipes/food/cooked_salmon_from_smoking": {
    "criteria": {
      "has_salmon": "2024-06-23 00:30:38 +0000"
    },
    "done": true
  },
  "minecraft:recipes/food/cooked_salmon_from_campfire_cooking": {
    "criteria": {
      "has_salmon": "2024-06-23 00:30:38 +0000"
    },
    "done": true
  },
  "minecraft:recipes/building_blocks/coarse_dirt": {
    "criteria": {
      "has_gravel": "2024-06-23 00:32:03 +0000"
    },
    "done": true
  },
  "minecraft:recipes/tools/melon_smithing_iron": {
    "criteria": {
      "has_iron_tier_upgrade": "2024-06-23 00:50:08 +0000"
    },
    "done": true
  },
  "minecraft:recipes/building_blocks/stone_bricks": {
    "criteria": {
      "has_stone": "2024-06-23 02:46:48 +0000"
    },
    "done": true
  },
  "minecraft:recipes/tools/chicken_smithing_iron": {
    "criteria": {
      "has_iron_tier_upgrade": "2024-06-23 00:50:08 +0000"
    },
    "done": true
  },
  "minecraft:recipes/tools/ocelot_smithing_gold": {
    "criteria": {
      "has_gold_tier_upgrade": "2024-06-23 01:02:40 +0000"
    },
    "done": true
  },
  "minecraft:recipes/decorations/brown_banner": {
    "criteria": {
      "has_brown_wool": "2024-06-23 01:41:28 +0000"
    },
    "done": true
  },
  "minecraft:recipes/decorations/gray_bed": {
    "criteria": {
      "has_gray_wool": "2024-06-23 00:45:56 +0000"
    },
    "done": true
  },
  "minecraft:recipes/tools/spider_smithing_gold": {
    "criteria": {
      "has_gold_tier_upgrade": "2024-06-23 01:02:40 +0000"
    },
    "done": true
  },
  "minecraft:recipes/tools/horse_smithing_iron": {
    "criteria": {
      "has_iron_tier_upgrade": "2024-06-23 00:50:08 +0000"
    },
    "done": true
  },
  "iter_rpg:economy": {
    "criteria": {
      "economy_0": "2024-06-23 02:30:25 +0000"
    },
    "done": true
  },
  "minecraft:recipes/food/cooked_chicken_from_campfire_cooking": {
    "criteria": {
      "has_chicken": "2024-06-23 00:50:28 +0000"
    },
    "done": true
  },
  "minecraft:recipes/decorations/brown_bed": {
    "criteria": {
      "has_brown_wool": "2024-06-23 01:41:28 +0000"
    },
    "done": true
  },
  "minecraft:recipes/building_blocks/dye_light_gray_bed": {
    "criteria": {
      "has_needed_dye": "2024-06-23 01:40:05 +0000"
    },
    "done": true
  },
  "minecraft:recipes/tools/pig_smithing_gold": {
    "criteria": {
      "has_gold_tier_upgrade": "2024-06-23 01:02:40 +0000"
    },
    "done": true
  },
  "minecraft:recipes/tools/bookshelf_smithing_iron": {
    "criteria": {
      "has_iron_tier_upgrade": "2024-06-23 00:50:08 +0000"
    },
    "done": true
  },
  "minecraft:recipes/food/baked_potato_from_campfire_cooking": {
    "criteria": {
      "has_potato": "2024-06-23 02:50:39 +0000"
    },
    "done": true
  },
  "minecraft:recipes/tools/cactus_smithing_gold": {
    "criteria": {
      "has_gold_tier_upgrade": "2024-06-23 01:02:40 +0000"
    },
    "done": true
  },
  "minecraft:recipes/tools/villager_smithing_gold": {
    "criteria": {
      "has_gold_tier_upgrade": "2024-06-23 01:02:40 +0000"
    },
    "done": true
  },
  "minecraft:recipes/tools/ghast_smithing_iron": {
    "criteria": {
      "has_iron_tier_upgrade": "2024-06-23 00:50:08 +0000"
    },
    "done": true
  },
  "minecraft:recipes/building_blocks/bookshelf": {
    "criteria": {
      "has_book": "2024-06-23 01:27:33 +0000"
    },
    "done": true
  },
  "minecraft:recipes/decorations/brown_carpet": {
    "criteria": {
      "has_brown_wool": "2024-06-23 01:41:28 +0000"
    },
    "done": true
  },
  "minecraft:recipes/tools/pumpkin_smithing_gold": {
    "criteria": {
      "has_gold_tier_upgrade": "2024-06-23 01:02:40 +0000"
    },
    "done": true
  },
  "minecraft:recipes/tools/iron_golem_smithing_iron": {
    "criteria": {
      "has_iron_tier_upgrade": "2024-06-23 00:50:08 +0000"
    },
    "done": true
  },
  "minecraft:recipes/food/cooked_chicken": {
    "criteria": {
      "has_chicken": "2024-06-23 00:50:28 +0000"
    },
    "done": true
  },
  "minecraft:recipes/tools/standard_smithing_gold": {
    "criteria": {
      "has_gold_tier_upgrade": "2024-06-23 01:02:40 +0000"
    },
    "done": true
  },
  "friendsandfoes:adventure/the_magicians": {
    "criteria": {
      "killed_illusioner": "2024-06-23 01:00:03 +0000"
    },
    "done": false
  },
  "minecraft:recipes/misc/white_dye": {
    "criteria": {
      "has_bone_meal": "2024-06-23 00:44:29 +0000"
    },
    "done": true
  },
  "minecraft:recipes/building_blocks/dye_light_gray_sleeping_bag": {
    "criteria": {
      "has_needed_dye": "2024-06-23 01:40:05 +0000"
    },
    "done": true
  },
  "minecraft:recipes/tools/iron_smithing_iron": {
    "criteria": {
      "has_iron_tier_upgrade": "2024-06-23 00:50:08 +0000"
    },
    "done": true
  },
  "minecraft:recipes/tools/bee_smithing_gold": {
    "criteria": {
      "has_gold_tier_upgrade": "2024-06-23 01:02:40 +0000"
    },
    "done": true
  },
  "skilltree:recipes/combat/silent_quiver": {
    "criteria": {
      "has_feather": "2024-06-23 02:48:54 +0000"
    },
    "done": true
  },
  "minecraft:recipes/decorations/white_glazed_terracotta": {
    "criteria": {
      "has_white_terracotta": "2024-06-23 00:49:27 +0000"
    },
    "done": true
  },
  "minecraft:recipes/tools/diamond_smithing_iron": {
    "criteria": {
      "has_iron_tier_upgrade": "2024-06-23 00:50:08 +0000"
    },
    "done": true
  },
  "minecraft:recipes/building_blocks/dye_magenta_carpet": {
    "criteria": {
      "has_needed_dye": "2024-06-23 01:40:27 +0000"
    },
    "done": true
  },
  "minecraft:recipes/redstone/redstone_torch": {
    "criteria": {
      "has_redstone": "2024-06-23 01:54:42 +0000"
    },
    "done": true
  },
  "minecraft:recipes/tools/clock": {
    "criteria": {
      "has_redstone": "2024-06-23 01:54:42 +0000"
    },
    "done": true
  },
  "minecraft:recipes/food/baked_potato": {
    "criteria": {
      "has_potato": "2024-06-23 02:50:39 +0000"
    },
    "done": true
  },
  "minecraft:recipes/tools/fox_smithing_iron": {
    "criteria": {
      "has_iron_tier_upgrade": "2024-06-23 00:50:08 +0000"
    },
    "done": true
  },
  "minecraft:recipes/tools/blaze_smithing_gold": {
    "criteria": {
      "has_gold_tier_upgrade": "2024-06-23 01:02:40 +0000"
    },
    "done": true
  },
  "minecraft:recipes/building_blocks/stone_bricks_from_stone_stonecutting": {
    "criteria": {
      "has_stone": "2024-06-23 02:46:48 +0000"
    },
    "done": true
  },
  "minecraft:recipes/tools/end_smithing_iron": {
    "criteria": {
      "has_iron_tier_upgrade": "2024-06-23 00:50:08 +0000"
    },
    "done": true
  },
  "minecraft:recipes/building_blocks/stone_slab": {
    "criteria": {
      "has_stone": "2024-06-23 02:46:48 +0000"
    },
    "done": true
  },
  "minecraft:recipes/tools/nether_smithing_gold": {
    "criteria": {
      "has_gold_tier_upgrade": "2024-06-23 01:02:40 +0000"
    },
    "done": true
  },
  "minecraft:recipes/building_blocks/granite_slab_from_granite_stonecutting": {
    "criteria": {
      "has_granite": "2024-06-23 00:56:10 +0000"
    },
    "done": true
  },
  "minecraft:recipes/tools/wither_smithing_iron": {
    "criteria": {
      "has_iron_tier_upgrade": "2024-06-23 00:50:08 +0000"
    },
    "done": true
  },
  "minecraft:recipes/tools/lapis_smithing_gold": {
    "criteria": {
      "has_gold_tier_upgrade": "2024-06-23 01:02:40 +0000"
    },
    "done": true
  },
  "minecraft:recipes/tools/netherite_smithing_iron": {
    "criteria": {
      "has_iron_tier_upgrade": "2024-06-23 00:50:08 +0000"
    },
    "done": true
  },
  "hangglider:recipes/tools/hang_glider": {
    "criteria": {
      "has_glider_framework": "2024-06-23 01:08:04 +0000"
    },
    "done": true
  },
  "minecraft:recipes/tools/emerald_smithing_gold": {
    "criteria": {
      "has_gold_tier_upgrade": "2024-06-23 01:02:40 +0000"
    },
    "done": true
  },
  "minecraft:recipes/tools/creeper_smithing_iron": {
    "criteria": {
      "has_iron_tier_upgrade": "2024-06-23 00:50:08 +0000"
    },
    "done": true
  },
  "minecraft:recipes/tools/dragon_smithing_gold": {
    "criteria": {
      "has_gold_tier_upgrade": "2024-06-23 01:02:40 +0000"
    },
    "done": true
  },
  "minecraft:recipes/building_blocks/chiseled_red_sandstone": {
    "criteria": {
      "has_cut_red_sandstone": "2024-06-23 00:55:02 +0000"
    },
    "done": true
  },
  "minecraft:recipes/decorations/light_gray_stained_glass_pane_from_glass_pane": {
    "criteria": {
      "has_light_gray_dye": "2024-06-23 01:40:05 +0000"
    },
    "done": true
  },
  "minecraft:recipes/misc/pumpkin_seeds": {
    "criteria": {
      "has_pumpkin": "2024-06-23 01:43:22 +0000"
    },
    "done": true
  },
  "minecraft:recipes/tools/redstone_smithing_iron": {
    "criteria": {
      "has_iron_tier_upgrade": "2024-06-23 00:50:08 +0000"
    },
    "done": true
  },
  "minecraft:recipes/building_blocks/emerald_block": {
    "criteria": {
      "has_emerald": "2024-06-23 01:00:04 +0000"
    },
    "done": true
  },
  "minecraft:recipes/tools/cactus_smithing_iron": {
    "criteria": {
      "has_iron_tier_upgrade": "2024-06-23 00:50:08 +0000"
    },
    "done": true
  },
  "minecraft:recipes/redstone/lectern": {
    "criteria": {
      "has_book": "2024-06-23 01:27:33 +0000"
    },
    "done": true
  },
  "minecraft:recipes/tools/ghast_smithing_gold": {
    "criteria": {
      "has_gold_tier_upgrade": "2024-06-23 01:02:40 +0000"
    },
    "done": true
  },
  "minecraft:recipes/building_blocks/stone_stairs_from_stone_stonecutting": {
    "criteria": {
      "has_stone": "2024-06-23 02:46:48 +0000"
    },
    "done": true
  },
  "minecraft:recipes/tools/bookshelf_smithing_gold": {
    "criteria": {
      "has_gold_tier_upgrade": "2024-06-23 01:02:40 +0000"
    },
    "done": true
  },
  "minecraft:recipes/tools/lapis_smithing_iron": {
    "criteria": {
      "has_iron_tier_upgrade": "2024-06-23 00:50:08 +0000"
    },
    "done": true
  },
  "minecraft:recipes/tools/coal_smithing_iron": {
    "criteria": {
      "has_iron_tier_upgrade": "2024-06-23 00:50:08 +0000"
    },
    "done": true
  },
  "minecraft:recipes/tools/sandstone_smithing_gold": {
    "criteria": {
      "has_gold_tier_upgrade": "2024-06-23 01:02:40 +0000"
    },
    "done": true
  },
  "minecraft:recipes/tools/cake_smithing_gold": {
    "criteria": {
      "has_gold_tier_upgrade": "2024-06-23 01:02:40 +0000"
    },
    "done": true
  },
  "minecraft:recipes/decorations/granite_wall_from_granite_stonecutting": {
    "criteria": {
      "has_granite": "2024-06-23 00:56:10 +0000"
    },
    "done": true
  },
  "minecraft:recipes/building_blocks/chiseled_bookshelf": {
    "criteria": {
      "has_book": "2024-06-23 01:27:33 +0000"
    },
    "done": true
  },
  "minecraft:recipes/tools/snow_smithing_gold": {
    "criteria": {
      "has_gold_tier_upgrade": "2024-06-23 01:02:40 +0000"
    },
    "done": true
  },
  "minecraft:recipes/tools/iron_golem_smithing_gold": {
    "criteria": {
      "has_gold_tier_upgrade": "2024-06-23 01:02:40 +0000"
    },
    "done": true
  },
  "ecologics:recipes/ecologics/sandcastle": {
    "criteria": {
      "has_seashell": "2024-06-23 01:35:09 +0000"
    },
    "done": true
  },
  "minecraft:recipes/decorations/gray_carpet": {
    "criteria": {
      "has_gray_wool": "2024-06-23 00:45:56 +0000"
    },
    "done": true
  },
  "minecraft:recipes/misc/black_dye_from_wither_rose": {
    "criteria": {
      "has_wither_rose": "2024-06-23 02:55:50 +0000"
    },
    "done": true
  },
  "minecraft:recipes/tools/blaze_smithing_iron": {
    "criteria": {
      "has_iron_tier_upgrade": "2024-06-23 00:50:08 +0000"
    },
    "done": true
  },
  "minecraft:recipes/redstone/stone_button": {
    "criteria": {
      "has_stone": "2024-06-23 02:46:48 +0000"
    },
    "done": true
  },
  "minecraft:recipes/tools/pumpkin_smithing_iron": {
    "criteria": {
      "has_iron_tier_upgrade": "2024-06-23 00:50:08 +0000"
    },
    "done": true
  },
  "minecraft:recipes/tools/hay_smithing_iron": {
    "criteria": {
      "has_iron_tier_upgrade": "2024-06-23 00:50:08 +0000"
    },
    "done": true
  },
  "minecraft:recipes/decorations/stonecutter": {
    "criteria": {
      "has_stone": "2024-06-23 02:46:48 +0000"
    },
    "done": true
  },
  "minecraft:recipes/tools/bat_smithing_iron": {
    "criteria": {
      "has_iron_tier_upgrade": "2024-06-23 00:50:08 +0000"
    },
    "done": true
  },
  "minecraft:recipes/redstone/stone_pressure_plate": {
    "criteria": {
      "has_stone": "2024-06-23 02:46:48 +0000"
    },
    "done": true
  },
  "minecraft:recipes/tools/creeper_smithing_gold": {
    "criteria": {
      "has_gold_tier_upgrade": "2024-06-23 01:02:40 +0000"
    },
    "done": true
  },
  "minecraft:recipes/misc/writable_book": {
    "criteria": {
      "has_book": "2024-06-23 01:27:33 +0000"
    },
    "done": true
  },
  "minecraft:recipes/tools/sponge_smithing_iron": {
    "criteria": {
      "has_iron_tier_upgrade": "2024-06-23 00:50:08 +0000"
    },
    "done": true
  },
  "minecraft:recipes/tools/cow_smithing_gold": {
    "criteria": {
      "has_gold_tier_upgrade": "2024-06-23 01:02:40 +0000"
    },
    "done": true
  },
  "minecraft:recipes/food/bread": {
    "criteria": {
      "has_wheat": "2024-06-23 01:17:14 +0000"
    },
    "done": true
  },
  "minecraft:recipes/building_blocks/smooth_stone": {
    "criteria": {
      "has_stone": "2024-06-23 02:46:48 +0000"
    },
    "done": true
  },
  "minecraft:recipes/decorations/magenta_candle": {
    "criteria": {
      "has_magenta_dye": "2024-06-23 01:40:27 +0000"
    },
    "done": true
  },
  "minecraft:recipes/building_blocks/polished_granite_from_granite_stonecutting": {
    "criteria": {
      "has_granite": "2024-06-23 00:56:10 +0000"
    },
    "done": true
  },
  "minecraft:recipes/building_blocks/warped_hyphae": {
    "criteria": {
      "has_log": "2024-06-23 02:34:55 +0000"
    },
    "done": true
  },
  "minecraft:recipes/redstone/note_block": {
    "criteria": {
      "has_redstone": "2024-06-23 01:54:42 +0000"
    },
    "done": true
  },
  "minecraft:recipes/building_blocks/hay_block": {
    "criteria": {
      "has_wheat": "2024-06-23 01:17:14 +0000"
    },
    "done": true
  },
  "minecraft:recipes/tools/diamond_smithing_gold": {
    "criteria": {
      "has_gold_tier_upgrade": "2024-06-23 01:02:40 +0000"
    },
    "done": true
  },
  "minecraft:recipes/redstone/target": {
    "criteria": {
      "has_hay_block": "2024-06-23 01:00:13 +0000"
    },
    "done": true
  },
  "minecraft:recipes/tools/fox_smithing_gold": {
    "criteria": {
      "has_gold_tier_upgrade": "2024-06-23 01:02:40 +0000"
    },
    "done": true
  },
  "minecraft:recipes/tools/iron_smithing_gold": {
    "criteria": {
      "has_gold_tier_upgrade": "2024-06-23 01:02:40 +0000"
    },
    "done": true
  },
  "minecraft:recipes/building_blocks/granite_slab": {
    "criteria": {
      "has_granite": "2024-06-23 00:56:10 +0000"
    },
    "done": true
  },
  "minecraft:recipes/tools/squid_smithing_gold": {
    "criteria": {
      "has_gold_tier_upgrade": "2024-06-23 01:02:40 +0000"
    },
    "done": true
  },
  "minecraft:recipes/tools/magma_cube_smithing_iron": {
    "criteria": {
      "has_iron_tier_upgrade": "2024-06-23 00:50:08 +0000"
    },
    "done": true
  },
  "minecraft:recipes/tools/gold_smithing_gold": {
    "criteria": {
      "has_gold_tier_upgrade": "2024-06-23 01:02:40 +0000"
    },
    "done": true
  },
  "minecraft:recipes/tools/end_smithing_gold": {
    "criteria": {
      "has_gold_tier_upgrade": "2024-06-23 01:02:40 +0000"
    },
    "done": true
  },
  "minecraft:recipes/tools/compass": {
    "criteria": {
      "has_redstone": "2024-06-23 01:54:42 +0000"
    },
    "done": true
  },
  "minecraft:recipes/tools/sheep_smithing_iron": {
    "criteria": {
      "has_iron_tier_upgrade": "2024-06-23 00:50:08 +0000"
    },
    "done": true
  },
  "minecraft:recipes/tools/nether_smithing_iron": {
    "criteria": {
      "has_iron_tier_upgrade": "2024-06-23 00:50:08 +0000"
    },
    "done": true
  },
  "minecraft:recipes/decorations/stone_brick_walls_from_stone_stonecutting": {
    "criteria": {
      "has_stone": "2024-06-23 02:46:48 +0000"
    },
    "done": true
  },
  "minecraft:recipes/food/pumpkin_pie": {
    "criteria": {
      "has_pumpkin": "2024-06-23 01:43:22 +0000"
    },
    "done": true
  },
  "minecraft:recipes/building_blocks/dye_light_gray_carpet": {
    "criteria": {
      "has_needed_dye": "2024-06-23 01:40:05 +0000"
    },
    "done": true
  },
  "minecraft:husbandry/complete_catalogue": {
    "criteria": {
      "minecraft:white": "2024-06-23 01:44:11 +0000",
      "minecraft:jellie": "2024-06-23 01:44:22 +0000"
    },
    "done": false
  },
  "minecraft:recipes/tools/emerald_smithing_iron": {
    "criteria": {
      "has_iron_tier_upgrade": "2024-06-23 00:50:08 +0000"
    },
    "done": true
  },
  "minecraft:recipes/misc/light_gray_dye_from_white_tulip": {
    "criteria": {
      "has_white_tulip": "2024-06-23 01:40:00 +0000"
    },
    "done": true
  },
  "minecraft:recipes/building_blocks/stone_brick_slab_from_stone_stonecutting": {
    "criteria": {
      "has_stone": "2024-06-23 02:46:48 +0000"
    },
    "done": true
  },
  "minecraft:recipes/building_blocks/red_sandstone_stairs": {
    "criteria": {
      "has_cut_red_sandstone": "2024-06-23 00:55:02 +0000"
    },
    "done": true
  },
  "ecologics:recipes/ecologics/seashell_block": {
    "criteria": {
      "has_seashell": "2024-06-23 01:35:09 +0000"
    },
    "done": true
  },
  "minecraft:recipes/tools/snow_smithing_iron": {
    "criteria": {
      "has_iron_tier_upgrade": "2024-06-23 00:50:08 +0000"
    },
    "done": true
  },
  "minecraft:recipes/tools/sandstone_smithing_iron": {
    "criteria": {
      "has_iron_tier_upgrade": "2024-06-23 00:50:08 +0000"
    },
    "done": true
  },
  "minecraft:recipes/building_blocks/stone_brick_stairs_from_stone_stonecutting": {
    "criteria": {
      "has_stone": "2024-06-23 02:46:48 +0000"
    },
    "done": true
  },
  "minecraft:recipes/tools/wither_smithing_gold": {
    "criteria": {
      "has_gold_tier_upgrade": "2024-06-23 01:02:40 +0000"
    },
    "done": true
  },
  "minecraft:husbandry/tame_an_animal": {
    "criteria": {
      "tamed_animal": "2024-06-23 01:44:11 +0000"
    },
    "done": true
  },
  "minecraft:recipes/building_blocks/granite_stairs": {
    "criteria": {
      "has_granite": "2024-06-23 00:56:10 +0000"
    },
    "done": true
  },
  "minecraft:recipes/building_blocks/dye_magenta_sleeping_bag": {
    "criteria": {
      "has_needed_dye": "2024-06-23 01:40:27 +0000"
    },
    "done": true
  },
  "minecraft:recipes/tools/cake_smithing_iron": {
    "criteria": {
      "has_iron_tier_upgrade": "2024-06-23 00:50:08 +0000"
    },
    "done": true
  },
  "minecraft:recipes/tools/bat_smithing_gold": {
    "criteria": {
      "has_gold_tier_upgrade": "2024-06-23 01:02:40 +0000"
    },
    "done": true
  },
  "ecologics:recipes/ecologics/pot": {
    "criteria": {
      "has_terracotta": "2024-06-23 00:49:27 +0000"
    },
    "done": true
  },
  "minecraft:recipes/building_blocks/granite_stairs_from_granite_stonecutting": {
    "criteria": {
      "has_granite": "2024-06-23 00:56:10 +0000"
    },
    "done": true
  },
  "friendsandfoes:adventure/kill_illusioner": {
    "criteria": {
      "killed_illusioner": "2024-06-23 01:00:03 +0000"
    },
    "done": true
  },
  "minecraft:recipes/building_blocks/dye_light_gray_wool": {
    "criteria": {
      "has_needed_dye": "2024-06-23 01:40:05 +0000"
    },
    "done": true
  },
  "minecraft:recipes/misc/black_dye": {
    "criteria": {
      "has_ink_sac": "2024-06-23 00:37:46 +0000"
    },
    "done": true
  },
  "minecraft:recipes/tools/redstone_smithing_gold": {
    "criteria": {
      "has_gold_tier_upgrade": "2024-06-23 01:02:40 +0000"
    },
    "done": true
  },
  "minecraft:recipes/misc/white_dye_from_lily_of_the_valley": {
    "criteria": {
      "has_lily_of_the_valley": "2024-06-23 02:54:09 +0000"
    },
    "done": true
  },
  "minecraft:recipes/tools/bee_smithing_iron": {
    "criteria": {
      "has_iron_tier_upgrade": "2024-06-23 00:50:08 +0000"
    },
    "done": true
  },
  "minecraft:recipes/tools/hay_smithing_gold": {
    "criteria": {
      "has_gold_tier_upgrade": "2024-06-23 01:02:40 +0000"
    },
    "done": true
  },
  "minecraft:recipes/building_blocks/stone_slab_from_stone_stonecutting": {
    "criteria": {
      "has_stone": "2024-06-23 02:46:48 +0000"
    },
    "done": true
  },
  "dungeons_arise:find_abandoned_temple": {
    "criteria": {
      "location0": "2024-06-23 02:51:06 +0000"
    },
    "done": true
  },
  "minecraft:recipes/building_blocks/dye_magenta_bed": {
    "criteria": {
      "has_needed_dye": "2024-06-23 01:40:27 +0000"
    },
    "done": true
  },
  "minecraft:recipes/decorations/granite_wall": {
    "criteria": {
      "has_granite": "2024-06-23 00:56:10 +0000"
    },
    "done": true
  },
  "ecologics:recipes/ecologics/seashell_tiles": {
    "criteria": {
      "has_seashell": "2024-06-23 01:35:09 +0000"
    },
    "done": true
  },
  "minecraft:recipes/food/cooked_chicken_from_smoking": {
    "criteria": {
      "has_chicken": "2024-06-23 00:50:28 +0000"
    },
    "done": true
  },
  "minecraft:recipes/tools/gold_smithing_iron": {
    "criteria": {
      "has_iron_tier_upgrade": "2024-06-23 00:50:08 +0000"
    },
    "done": true
  },
  "minecraft:recipes/building_blocks/polished_granite_slab_from_granite_stonecutting": {
    "criteria": {
      "has_granite": "2024-06-23 00:56:10 +0000"
    },
    "done": true
  },
  "skilltree:recipes/misc/scholar_necklace": {
    "criteria": {
      "has_ender_pearl": "2024-06-23 02:14:16 +0000"
    },
    "done": true
  },
  "minecraft:recipes/food/baked_potato_from_smoking": {
    "criteria": {
      "has_potato": "2024-06-23 02:50:39 +0000"
    },
    "done": true
  },
  "minecraft:recipes/tools/cow_smithing_iron": {
    "criteria": {
      "has_iron_tier_upgrade": "2024-06-23 00:50:08 +0000"
    },
    "done": true
  },
  "minecraft:recipes/tools/sponge_smithing_gold": {
    "criteria": {
      "has_gold_tier_upgrade": "2024-06-23 01:02:40 +0000"
    },
    "done": true
  },
  "minecraft:recipes/tools/skeleton_smithing_gold": {
    "criteria": {
      "has_gold_tier_upgrade": "2024-06-23 01:02:40 +0000"
    },
    "done": true
  },
  "minecraft:recipes/building_blocks/cut_red_sandstone_slab": {
    "criteria": {
      "has_cut_red_sandstone": "2024-06-23 00:55:02 +0000"
    },
    "done": true
  },
  "minecraft:recipes/misc/lapis_lazuli": {
    "criteria": {
      "has_lapis_block": "2024-06-23 02:58:40 +0000"
    },
    "done": true
  },
  "dungeons_arise:find_small_blimp": {
    "criteria": {
      "location0": "2024-06-23 02:42:29 +0000"
    },
    "done": true
  },
  "minecraft:recipes/tools/coal_smithing_gold": {
    "criteria": {
      "has_gold_tier_upgrade": "2024-06-23 01:02:40 +0000"
    },
    "done": true
  },
  "minecraft:recipes/tools/wolf_smithing_gold": {
    "criteria": {
      "has_gold_tier_upgrade": "2024-06-23 01:02:40 +0000"
    },
    "done": true
  },
  "minecraft:recipes/tools/quartz_smithing_iron": {
    "criteria": {
      "has_iron_tier_upgrade": "2024-06-23 00:50:08 +0000"
    },
    "done": true
  },
  "minecraft:recipes/redstone/dropper": {
    "criteria": {
      "has_redstone": "2024-06-23 01:54:42 +0000"
    },
    "done": true
  },
  "minecraft:story/form_obsidian": {
    "criteria": {
      "obsidian": "2024-06-23 02:54:09 +0000"
    },
    "done": true
  },
  "man:feelingwatched": {
    "criteria": {
      "feelingwatched": "2024-06-23 02:47:29 +0000"
    },
    "done": true
  },
  "minecraft:recipes/tools/magma_cube_smithing_gold": {
    "criteria": {
      "has_gold_tier_upgrade": "2024-06-23 01:02:40 +0000"
    },
    "done": true
  },
  "minecraft:recipes/tools/melon_smithing_gold": {
    "criteria": {
      "has_gold_tier_upgrade": "2024-06-23 01:02:40 +0000"
    },
    "done": true
  },
  "minecraft:recipes/tools/squid_smithing_iron": {
    "criteria": {
      "has_iron_tier_upgrade": "2024-06-23 00:50:08 +0000"
    },
    "done": true
  },
  "minecraft:recipes/tools/enderman_smithing_iron": {
    "criteria": {
      "has_iron_tier_upgrade": "2024-06-23 00:50:08 +0000"
    },
    "done": true
  },
  "minecraft:recipes/building_blocks/polished_granite": {
    "criteria": {
      "has_granite": "2024-06-23 00:56:10 +0000"
    },
    "done": true
  },
  "minecraft:recipes/decorations/light_gray_candle": {
    "criteria": {
      "has_light_gray_dye": "2024-06-23 01:40:05 +0000"
    },
    "done": true
  },
  "minecraft:recipes/tools/sheep_smithing_gold": {
    "criteria": {
      "has_gold_tier_upgrade": "2024-06-23 01:02:40 +0000"
    },
    "done": true
  },
  "minecraft:recipes/building_blocks/chiseled_stone_bricks_stone_from_stonecutting": {
    "criteria": {
      "has_stone": "2024-06-23 02:46:48 +0000"
    },
    "done": true
  },
  "minecraft:recipes/tools/ocelot_smithing_iron": {
    "criteria": {
      "has_iron_tier_upgrade": "2024-06-23 00:50:08 +0000"
    },
    "done": true
  },
  "minecraft:recipes/tools/dragon_smithing_iron": {
    "criteria": {
      "has_iron_tier_upgrade": "2024-06-23 00:50:08 +0000"
    },
    "done": true
  },
  "minecraft:recipes/redstone/dispenser": {
    "criteria": {
      "has_bow": "2024-06-23 02:31:03 +0000"
    },
    "done": true
  },
  "minecraft:recipes/tools/villager_smithing_iron": {
    "criteria": {
      "has_iron_tier_upgrade": "2024-06-23 00:50:08 +0000"
    },
    "done": true
  },
  "skilltree:recipes/misc/traveler_necklace": {
    "criteria": {
      "has_feather": "2024-06-23 02:48:54 +0000"
    },
    "done": true
  },
  "minecraft:recipes/tools/pig_smithing_iron": {
    "criteria": {
      "has_iron_tier_upgrade": "2024-06-23 00:50:08 +0000"
    },
    "done": true
  },
  "minecraft:recipes/brewing/cauldron": {
    "criteria": {
      "has_water_bucket": "2024-06-23 00:39:48 +0000"
    },
    "done": true
  },
  "minecraft:recipes/redstone/redstone_block": {
    "criteria": {
      "has_redstone": "2024-06-23 01:54:42 +0000"
    },
    "done": true
  },
  "minecraft:recipes/tools/horse_smithing_gold": {
    "criteria": {
      "has_gold_tier_upgrade": "2024-06-23 01:02:40 +0000"
    },
    "done": true
  },
  "minecraft:recipes/tools/spider_smithing_iron": {
    "criteria": {
      "has_iron_tier_upgrade": "2024-06-23 00:50:08 +0000"
    },
    "done": true
  },
  "minecraft:recipes/decorations/magenta_stained_glass_pane_from_glass_pane": {
    "criteria": {
      "has_magenta_dye": "2024-06-23 01:40:27 +0000"
    },
    "done": true
  },
  "minecraft:recipes/misc/blue_dye_from_cornflower": {
    "criteria": {
      "has_cornflower": "2024-06-23 02:19:15 +0000"
    },
    "done": true
  },
  "minecraft:recipes/building_blocks/acacia_wood": {
    "criteria": {
      "has_log": "2024-06-23 02:37:47 +0000"
    },
    "done": true
  },
  "minecraft:recipes/decorations/gray_banner": {
    "criteria": {
      "has_gray_wool": "2024-06-23 00:45:56 +0000"
    },
    "done": true
  },
  "minecraft:recipes/building_blocks/glowstone": {
    "criteria": {
      "has_glowstone_dust": "2024-06-23 01:42:16 +0000"
    },
    "done": true
  },
  "minecraft:recipes/building_blocks/warped_planks": {
    "criteria": {
      "has_logs": "2024-06-23 02:34:55 +0000"
    },
    "done": true
  },
  "minecraft:recipes/tools/chicken_smithing_gold": {
    "criteria": {
      "has_gold_tier_upgrade": "2024-06-23 01:02:40 +0000"
    },
    "done": true
  },
  "minecraft:recipes/decorations/grindstone": {
    "criteria": {
      "has_stone_slab": "2024-06-23 01:30:25 +0000"
    },
    "done": true
  },
  "minecraft:recipes/misc/wheat": {
    "criteria": {
      "has_hay_block": "2024-06-23 01:00:13 +0000"
    },
    "done": true
  },
  "minecraft:recipes/misc/firework_rocket_simple": {
    "criteria": {
      "has_gunpowder": "2024-06-23 01:11:43 +0000"
    },
    "done": true
  },
  "minecraft:recipes/redstone/tnt": {
    "criteria": {
      "has_gunpowder": "2024-06-23 01:11:43 +0000"
    },
    "done": true
  },
  "minecraft:recipes/tools/standard_smithing_iron": {
    "criteria": {
      "has_iron_tier_upgrade": "2024-06-23 00:50:08 +0000"
    },
    "done": true
  },
  "minecraft:recipes/decorations/enchanting_table": {
    "criteria": {
      "has_obsidian": "2024-06-23 02:54:09 +0000"
    },
    "done": true
  },
  "minecraft:recipes/combat/spectral_arrow": {
    "criteria": {
      "has_glowstone_dust": "2024-06-23 01:42:16 +0000"
    },
    "done": true
  },
  "minecraft:recipes/building_blocks/polished_granite_stairs_from_granite_stonecutting": {
    "criteria": {
      "has_granite": "2024-06-23 00:56:10 +0000"
    },
    "done": true
  },
  "minecraft:recipes/tools/skeleton_smithing_iron": {
    "criteria": {
      "has_iron_tier_upgrade": "2024-06-23 00:50:08 +0000"
    },
    "done": true
  },
  "minecraft:recipes/building_blocks/acacia_planks": {
    "criteria": {
      "has_log": "2024-06-23 02:37:47 +0000"
    },
    "done": true
  },
  "minecraft:recipes/tools/quartz_smithing_gold": {
    "criteria": {
      "has_gold_tier_upgrade": "2024-06-23 01:02:40 +0000"
    },
    "done": true
  },
  "minecraft:recipes/tools/enderman_smithing_gold": {
    "criteria": {
      "has_gold_tier_upgrade": "2024-06-23 01:02:40 +0000"
    },
    "done": true
  },
  "minecraft:recipes/tools/netherite_smithing_gold": {
    "criteria": {
      "has_gold_tier_upgrade": "2024-06-23 01:02:40 +0000"
    },
    "done": true
  },
  "minecraft:recipes/tools/wolf_smithing_iron": {
    "criteria": {
      "has_iron_tier_upgrade": "2024-06-23 00:50:08 +0000"
    },
    "done": true
  },
  "minecraft:recipes/building_blocks/cut_red_sandstone_slab_from_cut_red_sandstone_stonecutting": {
    "criteria": {
      "has_cut_red_sandstone": "2024-06-23 00:55:02 +0000"
    },
    "done": true
  },
  "minecraft:recipes/redstone/piston": {
    "criteria": {
      "has_redstone": "2024-06-23 01:54:42 +0000"
    },
    "done": true
  },
  "minecraft:recipes/building_blocks/stone_stairs": {
    "criteria": {
      "has_stone": "2024-06-23 02:46:48 +0000"
    },
    "done": true
  },
  "minecraft:recipes/building_blocks/bone_block": {
    "criteria": {
      "has_bone_meal": "2024-06-23 00:44:29 +0000"
    },
    "done": true
  },
  "DataVersion": 3465
}